[06:57:13] [main/DEBUG] [FML/]: Injecting tracing printstreams for STDOUT/STDERR.
[06:57:13] [main/INFO] [FML/]: Forge Mod Loader version 13.20.1.2588 for Minecraft 1.11.2 loading
[06:57:13] [main/INFO] [FML/]: Java is Java HotSpot(TM) 64-Bit Server VM, version 1.8.0_491, running on Windows 11:amd64:10.0, installed at C:\Program Files\Java\jre1.8.0_491
[06:57:13] [main/DEBUG] [FML/]: Java classpath at launch is C:/Users/USER/Desktop/MultiMC/jars/NewLaunch.jar;C:/Users/USER/Desktop/MultiMC/libraries/net/java/jinput/jinput/2.0.5/jinput-2.0.5.jar;C:/Users/USER/Desktop/MultiMC/libraries/net/java/jutils/jutils/1.0.0/jutils-1.0.0.jar;C:/Users/USER/Desktop/MultiMC/libraries/org/lwjgl/lwjgl/lwjgl/2.9.4-nightly-20150209/lwjgl-2.9.4-nightly-20150209.jar;C:/Users/USER/Desktop/MultiMC/libraries/org/lwjgl/lwjgl/lwjgl_util/2.9.4-nightly-20150209/lwjgl_util-2.9.4-nightly-20150209.jar;C:/Users/USER/Desktop/MultiMC/libraries/com/mojang/netty/1.8.8/netty-1.8.8.jar;C:/Users/USER/Desktop/MultiMC/libraries/oshi-project/oshi-core/1.1/oshi-core-1.1.jar;C:/Users/USER/Desktop/MultiMC/libraries/net/java/dev/jna/jna/3.4.0/jna-3.4.0.jar;C:/Users/USER/Desktop/MultiMC/libraries/net/java/dev/jna/platform/3.4.0/platform-3.4.0.jar;C:/Users/USER/Desktop/MultiMC/libraries/com/ibm/icu/icu4j-core-mojang/51.2/icu4j-core-mojang-51.2.jar;C:/Users/USER/Desktop/MultiMC/libraries/net/sf/jopt-simple/jopt-simple/4.6/jopt-simple-4.6.jar;C:/Users/USER/Desktop/MultiMC/libraries/com/paulscode/codecjorbis/20101023/codecjorbis-20101023.jar;C:/Users/USER/Desktop/MultiMC/libraries/com/paulscode/codecwav/20101023/codecwav-20101023.jar;C:/Users/USER/Desktop/MultiMC/libraries/com/paulscode/libraryjavasound/20101123/libraryjavasound-20101123.jar;C:/Users/USER/Desktop/MultiMC/libraries/com/paulscode/librarylwjglopenal/20100824/librarylwjglopenal-20100824.jar;C:/Users/USER/Desktop/MultiMC/libraries/com/paulscode/soundsystem/20120107/soundsystem-20120107.jar;C:/Users/USER/Desktop/MultiMC/libraries/io/netty/netty-all/4.0.23.Final/netty-all-4.0.23.Final.jar;C:/Users/USER/Desktop/MultiMC/libraries/com/google/guava/guava/17.0/guava-17.0.jar;C:/Users/USER/Desktop/MultiMC/libraries/org/apache/commons/commons-lang3/3.3.2/commons-lang3-3.3.2.jar;C:/Users/USER/Desktop/MultiMC/libraries/commons-io/commons-io/2.4/commons-io-2.4.jar;C:/Users/USER/Desktop/MultiMC/libraries/commons-codec/commons-codec/1.9/commons-codec-1.9.jar;C:/Users/USER/Desktop/MultiMC/libraries/com/google/code/gson/gson/2.2.4/gson-2.2.4.jar;C:/Users/USER/Desktop/MultiMC/libraries/com/mojang/authlib/1.5.24/authlib-1.5.24.jar;C:/Users/USER/Desktop/MultiMC/libraries/com/mojang/realms/1.10.16/realms-1.10.16.jar;C:/Users/USER/Desktop/MultiMC/libraries/org/apache/commons/commons-compress/1.8.1/commons-compress-1.8.1.jar;C:/Users/USER/Desktop/MultiMC/libraries/org/apache/httpcomponents/httpclient/4.3.3/httpclient-4.3.3.jar;C:/Users/USER/Desktop/MultiMC/libraries/commons-logging/commons-logging/1.1.3/commons-logging-1.1.3.jar;C:/Users/USER/Desktop/MultiMC/libraries/org/apache/httpcomponents/httpcore/4.3.2/httpcore-4.3.2.jar;C:/Users/USER/Desktop/MultiMC/libraries/it/unimi/dsi/fastutil/7.0.12_mojang/fastutil-7.0.12_mojang.jar;C:/Users/USER/Desktop/MultiMC/libraries/org/apache/logging/log4j/log4j-api/2.0-beta9-fixed/log4j-api-2.0-beta9-fixed.jar;C:/Users/USER/Desktop/MultiMC/libraries/org/apache/logging/log4j/log4j-core/2.0-beta9-fixed/log4j-core-2.0-beta9-fixed.jar;C:/Users/USER/Desktop/MultiMC/libraries/net/minecraftforge/forge/1.11.2-13.20.1.2588/forge-1.11.2-13.20.1.2588-universal.jar;C:/Users/USER/Desktop/MultiMC/libraries/net/minecraft/launchwrapper/1.12/launchwrapper-1.12.jar;C:/Users/USER/Desktop/MultiMC/libraries/org/ow2/asm/asm-all/5.0.3/asm-all-5.0.3.jar;C:/Users/USER/Desktop/MultiMC/libraries/jline/jline/2.13/jline-2.13.jar;C:/Users/USER/Desktop/MultiMC/libraries/com/typesafe/akka/akka-actor_2.11/2.3.3/akka-actor_2.11-2.3.3.jar;C:/Users/USER/Desktop/MultiMC/libraries/com/typesafe/config/1.2.1/config-1.2.1.jar;C:/Users/USER/Desktop/MultiMC/libraries/org/scala-lang/scala-actors-migration_2.11/1.1.0/scala-actors-migration_2.11-1.1.0.jar;C:/Users/USER/Desktop/MultiMC/libraries/org/scala-lang/scala-compiler/2.11.1/scala-compiler-2.11.1.jar;C:/Users/USER/Desktop/MultiMC/libraries/org/scala-lang/plugins/scala-continuations-library_2.11/1.0.2/scala-continuations-library_2.11-1.0.2.jar;C:/Users/USER/Desktop/MultiMC/libraries/org/scala-lang/plugins/scala-continuations-plugin_2.11.1/1.0.2/scala-continuations-plugin_2.11.1-1.0.2.jar;C:/Users/USER/Desktop/MultiMC/libraries/org/scala-lang/scala-library/2.11.1/scala-library-2.11.1.jar;C:/Users/USER/Desktop/MultiMC/libraries/org/scala-lang/scala-parser-combinators_2.11/1.0.1/scala-parser-combinators_2.11-1.0.1.jar;C:/Users/USER/Desktop/MultiMC/libraries/org/scala-lang/scala-reflect/2.11.1/scala-reflect-2.11.1.jar;C:/Users/USER/Desktop/MultiMC/libraries/org/scala-lang/scala-swing_2.11/1.0.1/scala-swing_2.11-1.0.1.jar;C:/Users/USER/Desktop/MultiMC/libraries/org/scala-lang/scala-xml_2.11/1.0.2/scala-xml_2.11-1.0.2.jar;C:/Users/USER/Desktop/MultiMC/libraries/lzma/lzma/0.0.1/lzma-0.0.1.jar;C:/Users/USER/Desktop/MultiMC/libraries/java3d/vecmath/1.5.2/vecmath-1.5.2.jar;C:/Users/USER/Desktop/MultiMC/libraries/net/sf/trove4j/trove4j/3.0.3/trove4j-3.0.3.jar;C:/Users/USER/Desktop/MultiMC/libraries/com/mojang/minecraft/1.11.2/minecraft-1.11.2-client.jar
[06:57:13] [main/DEBUG] [FML/]: Java library path at launch is C:/Users/USER/Desktop/MultiMC/instances/1.11.2/natives
[06:57:13] [main/DEBUG] [FML/]: Enabling runtime deobfuscation
[06:57:13] [main/DEBUG] [FML/]: Instantiating coremod class FMLCorePlugin
[06:57:13] [main/DEBUG] [FML/]: Added access transformer class net.minecraftforge.fml.common.asm.transformers.AccessTransformer to enqueued access transformers
[06:57:13] [main/DEBUG] [FML/]: Enqueued coremod FMLCorePlugin
[06:57:13] [main/DEBUG] [FML/]: Instantiating coremod class FMLForgePlugin
[06:57:13] [main/DEBUG] [FML/]: Enqueued coremod FMLForgePlugin
[06:57:13] [main/DEBUG] [FML/]: All fundamental core mods are successfully located
[06:57:13] [main/DEBUG] [FML/]: Attempting to load commandline specified mods, relative to C:\Users\USER\Desktop\MultiMC\instances\1.11.2\.minecraft
[06:57:13] [main/DEBUG] [FML/]: Discovering coremods
[06:57:13] [main/DEBUG] [FML/]: Examining for coremod candidacy DynamicLights-1.11.2.jar
[06:57:13] [main/TRACE] [FML/]: Found FMLCorePluginContainsFMLMod marker in DynamicLights-1.11.2.jar, it will be examined later for regular @Mod instances
[06:57:13] [main/DEBUG] [FML/]: Instantiating coremod class DLFMLCorePlugin
[06:57:13] [main/WARN] [FML/]: The coremod atomicstryker.dynamiclights.common.DLFMLCorePlugin does not have a MCVersion annotation, it may cause issues with this version of Minecraft
[06:57:13] [main/DEBUG] [FML/]: Enqueued coremod DLFMLCorePlugin
[06:57:13] [main/DEBUG] [FML/]: Examining for coremod candidacy journeymap-1.11.2-5.5.2.jar
[06:57:13] [main/DEBUG] [FML/]: Not found coremod data in journeymap-1.11.2-5.5.2.jar
[06:57:13] [main/DEBUG] [FML/]: Examining for coremod candidacy mobends-0.23.1_for_MC-1.11.2.jar
[06:57:13] [main/DEBUG] [FML/]: Not found coremod data in mobends-0.23.1_for_MC-1.11.2.jar
[06:57:13] [main/DEBUG] [FML/]: Examining for coremod candidacy worldedit-forge-mc1.11-6.1.6-dist.jar
[06:57:13] [main/DEBUG] [FML/]: Not found coremod data in worldedit-forge-mc1.11-6.1.6-dist.jar
[06:57:13] [main/INFO] [LaunchWrapper/]: Loading tweak class name net.minecraftforge.fml.common.launcher.FMLInjectionAndSortingTweaker
[06:57:13] [main/INFO] [LaunchWrapper/]: Loading tweak class name net.minecraftforge.fml.common.launcher.FMLDeobfTweaker
[06:57:13] [main/INFO] [LaunchWrapper/]: Calling tweak class net.minecraftforge.fml.common.launcher.FMLInjectionAndSortingTweaker
[06:57:13] [main/INFO] [LaunchWrapper/]: Calling tweak class net.minecraftforge.fml.common.launcher.FMLInjectionAndSortingTweaker
[06:57:13] [main/INFO] [LaunchWrapper/]: Calling tweak class net.minecraftforge.fml.relauncher.CoreModManager$FMLPluginWrapper
[06:57:13] [main/DEBUG] [FML/]: Injecting coremod FMLCorePlugin \{net.minecraftforge.fml.relauncher.FMLCorePlugin\} class transformers
[06:57:13] [main/TRACE] [FML/]: Registering transformer net.minecraftforge.fml.common.asm.transformers.BlamingTransformer
[06:57:13] [main/TRACE] [FML/]: Registering transformer net.minecraftforge.fml.common.asm.transformers.SideTransformer
[06:57:13] [main/TRACE] [FML/]: Registering transformer net.minecraftforge.fml.common.asm.transformers.EventSubscriptionTransformer
[06:57:13] [main/TRACE] [FML/]: Registering transformer net.minecraftforge.fml.common.asm.transformers.EventSubscriberTransformer
[06:57:13] [main/DEBUG] [FML/]: Injection complete
[06:57:13] [main/DEBUG] [FML/]: Running coremod plugin for FMLCorePlugin \{net.minecraftforge.fml.relauncher.FMLCorePlugin\}
[06:57:13] [main/DEBUG] [FML/]: Running coremod plugin FMLCorePlugin
[06:57:14] [main/DEBUG] [FML/]: Injecting tracing printstreams for STDOUT/STDERR.
[06:57:14] [main/DEBUG] [FML/]: Read 992 binary patches
[06:57:14] [main/DEBUG] [FML/]: Loading deobfuscation resource /deobfuscation_data-1.11.2.lzma with 33539 records
[06:57:15] [main/INFO] [FML/]: Found valid fingerprint for Minecraft Forge. Certificate fingerprint e3c3d50c7c986df74c645c0ac54639741c90a557
[06:57:15] [main/INFO] [FML/]: Found valid fingerprint for Minecraft. Certificate fingerprint cd99959656f753dc28d863b46769f7f8fbaefcfc
[06:57:15] [main/DEBUG] [FML/]: Coremod plugin class FMLCorePlugin run successfully
[06:57:15] [main/INFO] [LaunchWrapper/]: Calling tweak class net.minecraftforge.fml.relauncher.CoreModManager$FMLPluginWrapper
[06:57:15] [main/DEBUG] [FML/]: Injecting coremod FMLForgePlugin \{net.minecraftforge.classloading.FMLForgePlugin\} class transformers
[06:57:15] [main/DEBUG] [FML/]: Injection complete
[06:57:15] [main/DEBUG] [FML/]: Running coremod plugin for FMLForgePlugin \{net.minecraftforge.classloading.FMLForgePlugin\}
[06:57:15] [main/DEBUG] [FML/]: Running coremod plugin FMLForgePlugin
[06:57:15] [main/DEBUG] [FML/]: Coremod plugin class FMLForgePlugin run successfully
[06:57:15] [main/INFO] [LaunchWrapper/]: Calling tweak class net.minecraftforge.fml.relauncher.CoreModManager$FMLPluginWrapper
[06:57:15] [main/DEBUG] [FML/]: Injecting coremod DLFMLCorePlugin \{atomicstryker.dynamiclights.common.DLFMLCorePlugin\} class transformers
[06:57:15] [main/TRACE] [FML/]: Registering transformer atomicstryker.dynamiclights.common.DLTransformer
[06:57:15] [main/DEBUG] [FML/]: Injection complete
[06:57:15] [main/DEBUG] [FML/]: Running coremod plugin for DLFMLCorePlugin \{atomicstryker.dynamiclights.common.DLFMLCorePlugin\}
[06:57:15] [main/DEBUG] [FML/]: Running coremod plugin DLFMLCorePlugin
[06:57:15] [main/DEBUG] [FML/]: Coremod plugin class DLFMLCorePlugin run successfully
[06:57:15] [main/INFO] [LaunchWrapper/]: Calling tweak class net.minecraftforge.fml.common.launcher.FMLDeobfTweaker
[06:57:15] [main/DEBUG] [FML/]: Loaded 203 rules from AccessTransformer config file forge_at.cfg
[06:57:15] [main/DEBUG] [FML/]: Loaded 1 rules from AccessTransformer mod jar file C:\Users\USER\Desktop\MultiMC\instances\1.11.2\.minecraft\mods\journeymap-1.11.2-5.5.2.jar!META-INF/journeymap_at.cfg

[06:57:15] [main/DEBUG] [FML/]: Loaded 2 rules from AccessTransformer mod jar file C:\Users\USER\Desktop\MultiMC\instances\1.11.2\.minecraft\mods\worldedit-forge-mc1.11-6.1.6-dist.jar!META-INF/worldedit_at.cfg

[06:57:15] [main/DEBUG] [FML/]: Validating minecraft
[06:57:15] [main/DEBUG] [FML/]: Minecraft validated, launching...
[06:57:15] [main/INFO] [LaunchWrapper/]: Loading tweak class name net.minecraftforge.fml.common.launcher.TerminalTweaker
[06:57:15] [main/INFO] [LaunchWrapper/]: Calling tweak class net.minecraftforge.fml.common.launcher.TerminalTweaker
[06:57:15] [main/INFO] [LaunchWrapper/]: Launching wrapped minecraft {net.minecraft.client.main.Main}
[06:57:15] [main/INFO] [STDOUT/]: [atomicstryker.dynamiclights.common.DLTransformer:handleWorldTransform:80]: **************** Dynamic Lights transform running on World, obf: true *********************** 
[06:57:15] [main/INFO] [STDOUT/]: [atomicstryker.dynamiclights.common.DLTransformer:handleWorldTransform:91]: In target method a:(Lco;Lajy;)I, Patching!
[06:57:15] [main/INFO] [STDOUT/]: [atomicstryker.dynamiclights.common.DLTransformer:handleWorldTransform:140]: Found ASTORE Node at index 19, is writing variable number: 3
[06:57:20] [Client thread/DEBUG] [FML/]: Creating vanilla freeze snapshot
[06:57:20] [Client thread/DEBUG] [FML/]: Vanilla freeze snapshot created
[06:57:23] [Client thread/DEBUG] [FML/]: Bar Finished: Loading Resource - LanguageManager took 0.002s
[06:57:23] [Client thread/INFO] [FML/]: -- System Details --
Details:
	Minecraft Version: 1.11.2
	Operating System: Windows 11 (amd64) version 10.0
	Java Version: 1.8.0_491, Oracle Corporation
	Java VM Version: Java HotSpot(TM) 64-Bit Server VM (mixed mode), Oracle Corporation
	Memory: 458853928 bytes (437 MB) / 647495680 bytes (617 MB) up to 954728448 bytes (910 MB)
	JVM Flags: 3 total; -XX:HeapDumpPath=MojangTricksIntelDriversForPerformance_javaw.exe_minecraft.exe.heapdump -Xms512m -Xmx1024m
	IntCache: cache: 0, tcache: 0, allocated: 0, tallocated: 0
	FML: 
	Loaded coremods (and transformers): 
DLFMLCorePlugin (DynamicLights-1.11.2.jar)
  atomicstryker.dynamiclights.common.DLTransformer
	GL info: ' Vendor: 'Intel' Version: '4.3.0 - Build 20.19.15.5126' Renderer: 'Intel(R) HD Graphics 4600'
[06:57:23] [Client thread/INFO] [FML/]: MinecraftForge v13.20.1.2588 Initialized
[06:57:23] [Client thread/INFO] [FML/]: Replaced 232 ore recipes
[06:57:23] [Client thread/DEBUG] [FML/]: File C:\Users\USER\Desktop\MultiMC\instances\1.11.2\.minecraft\config\injectedDependencies.json not found. No dependencies injected
[06:57:23] [Client thread/DEBUG] [FML/]: Building injected Mod Containers [net.minecraftforge.fml.common.FMLContainer, net.minecraftforge.common.ForgeModContainer]
[06:57:24] [Client thread/DEBUG] [FML/]: Attempting to load mods contained in the minecraft jar file and associated classes
[06:57:24] [Client thread/DEBUG] [FML/]: Found a minecraft related file at C:\Users\USER\Desktop\MultiMC\jars\NewLaunch.jar, examining for mod candidates
[06:57:24] [Client thread/TRACE] [FML/]: Skipping known library file C:\Users\USER\Desktop\MultiMC\libraries\net\java\jinput\jinput\2.0.5\jinput-2.0.5.jar
[06:57:24] [Client thread/TRACE] [FML/]: Skipping known library file C:\Users\USER\Desktop\MultiMC\libraries\net\java\jutils\jutils\1.0.0\jutils-1.0.0.jar
[06:57:24] [Client thread/TRACE] [FML/]: Skipping known library file C:\Users\USER\Desktop\MultiMC\libraries\org\lwjgl\lwjgl\lwjgl\2.9.4-nightly-20150209\lwjgl-2.9.4-nightly-20150209.jar
[06:57:24] [Client thread/TRACE] [FML/]: Skipping known library file C:\Users\USER\Desktop\MultiMC\libraries\org\lwjgl\lwjgl\lwjgl_util\2.9.4-nightly-20150209\lwjgl_util-2.9.4-nightly-20150209.jar
[06:57:24] [Client thread/TRACE] [FML/]: Skipping known library file C:\Users\USER\Desktop\MultiMC\libraries\com\mojang\netty\1.8.8\netty-1.8.8.jar
[06:57:24] [Client thread/TRACE] [FML/]: Skipping known library file C:\Users\USER\Desktop\MultiMC\libraries\oshi-project\oshi-core\1.1\oshi-core-1.1.jar
[06:57:24] [Client thread/TRACE] [FML/]: Skipping known library file C:\Users\USER\Desktop\MultiMC\libraries\net\java\dev\jna\jna\3.4.0\jna-3.4.0.jar
[06:57:24] [Client thread/TRACE] [FML/]: Skipping known library file C:\Users\USER\Desktop\MultiMC\libraries\net\java\dev\jna\platform\3.4.0\platform-3.4.0.jar
[06:57:24] [Client thread/TRACE] [FML/]: Skipping known library file C:\Users\USER\Desktop\MultiMC\libraries\com\ibm\icu\icu4j-core-mojang\51.2\icu4j-core-mojang-51.2.jar
[06:57:24] [Client thread/TRACE] [FML/]: Skipping known library file C:\Users\USER\Desktop\MultiMC\libraries\net\sf\jopt-simple\jopt-simple\4.6\jopt-simple-4.6.jar
[06:57:24] [Client thread/TRACE] [FML/]: Skipping known library file C:\Users\USER\Desktop\MultiMC\libraries\com\paulscode\codecjorbis\20101023\codecjorbis-20101023.jar
[06:57:24] [Client thread/TRACE] [FML/]: Skipping known library file C:\Users\USER\Desktop\MultiMC\libraries\com\paulscode\codecwav\20101023\codecwav-20101023.jar
[06:57:24] [Client thread/TRACE] [FML/]: Skipping known library file C:\Users\USER\Desktop\MultiMC\libraries\com\paulscode\libraryjavasound\20101123\libraryjavasound-20101123.jar
[06:57:24] [Client thread/TRACE] [FML/]: Skipping known library file C:\Users\USER\Desktop\MultiMC\libraries\com\paulscode\librarylwjglopenal\20100824\librarylwjglopenal-20100824.jar
[06:57:24] [Client thread/TRACE] [FML/]: Skipping known library file C:\Users\USER\Desktop\MultiMC\libraries\com\paulscode\soundsystem\20120107\soundsystem-20120107.jar
[06:57:24] [Client thread/TRACE] [FML/]: Skipping known library file C:\Users\USER\Desktop\MultiMC\libraries\io\netty\netty-all\4.0.23.Final\netty-all-4.0.23.Final.jar
[06:57:24] [Client thread/TRACE] [FML/]: Skipping known library file C:\Users\USER\Desktop\MultiMC\libraries\com\google\guava\guava\17.0\guava-17.0.jar
[06:57:24] [Client thread/TRACE] [FML/]: Skipping known library file C:\Users\USER\Desktop\MultiMC\libraries\org\apache\commons\commons-lang3\3.3.2\commons-lang3-3.3.2.jar
[06:57:24] [Client thread/TRACE] [FML/]: Skipping known library file C:\Users\USER\Desktop\MultiMC\libraries\commons-io\commons-io\2.4\commons-io-2.4.jar
[06:57:24] [Client thread/TRACE] [FML/]: Skipping known library file C:\Users\USER\Desktop\MultiMC\libraries\commons-codec\commons-codec\1.9\commons-codec-1.9.jar
[06:57:24] [Client thread/TRACE] [FML/]: Skipping known library file C:\Users\USER\Desktop\MultiMC\libraries\com\google\code\gson\gson\2.2.4\gson-2.2.4.jar
[06:57:24] [Client thread/TRACE] [FML/]: Skipping known library file C:\Users\USER\Desktop\MultiMC\libraries\com\mojang\authlib\1.5.24\authlib-1.5.24.jar
[06:57:24] [Client thread/TRACE] [FML/]: Skipping known library file C:\Users\USER\Desktop\MultiMC\libraries\com\mojang\realms\1.10.16\realms-1.10.16.jar
[06:57:24] [Client thread/TRACE] [FML/]: Skipping known library file C:\Users\USER\Desktop\MultiMC\libraries\org\apache\commons\commons-compress\1.8.1\commons-compress-1.8.1.jar
[06:57:24] [Client thread/TRACE] [FML/]: Skipping known library file C:\Users\USER\Desktop\MultiMC\libraries\org\apache\httpcomponents\httpclient\4.3.3\httpclient-4.3.3.jar
[06:57:24] [Client thread/TRACE] [FML/]: Skipping known library file C:\Users\USER\Desktop\MultiMC\libraries\commons-logging\commons-logging\1.1.3\commons-logging-1.1.3.jar
[06:57:24] [Client thread/TRACE] [FML/]: Skipping known library file C:\Users\USER\Desktop\MultiMC\libraries\org\apache\httpcomponents\httpcore\4.3.2\httpcore-4.3.2.jar
[06:57:24] [Client thread/TRACE] [FML/]: Skipping known library file C:\Users\USER\Desktop\MultiMC\libraries\it\unimi\dsi\fastutil\7.0.12_mojang\fastutil-7.0.12_mojang.jar
[06:57:24] [Client thread/TRACE] [FML/]: Skipping known library file C:\Users\USER\Desktop\MultiMC\libraries\org\apache\logging\log4j\log4j-api\2.0-beta9-fixed\log4j-api-2.0-beta9-fixed.jar
[06:57:24] [Client thread/TRACE] [FML/]: Skipping known library file C:\Users\USER\Desktop\MultiMC\libraries\org\apache\logging\log4j\log4j-core\2.0-beta9-fixed\log4j-core-2.0-beta9-fixed.jar
[06:57:24] [Client thread/DEBUG] [FML/]: Found a minecraft related file at C:\Users\USER\Desktop\MultiMC\libraries\net\minecraftforge\forge\1.11.2-13.20.1.2588\forge-1.11.2-13.20.1.2588-universal.jar, examining for mod candidates
[06:57:24] [Client thread/TRACE] [FML/]: Skipping known library file C:\Users\USER\Desktop\MultiMC\libraries\net\minecraft\launchwrapper\1.12\launchwrapper-1.12.jar
[06:57:24] [Client thread/TRACE] [FML/]: Skipping known library file C:\Users\USER\Desktop\MultiMC\libraries\org\ow2\asm\asm-all\5.0.3\asm-all-5.0.3.jar
[06:57:24] [Client thread/TRACE] [FML/]: Skipping known library file C:\Users\USER\Desktop\MultiMC\libraries\jline\jline\2.13\jline-2.13.jar
[06:57:24] [Client thread/TRACE] [FML/]: Skipping known library file C:\Users\USER\Desktop\MultiMC\libraries\com\typesafe\akka\akka-actor_2.11\2.3.3\akka-actor_2.11-2.3.3.jar
[06:57:24] [Client thread/TRACE] [FML/]: Skipping known library file C:\Users\USER\Desktop\MultiMC\libraries\com\typesafe\config\1.2.1\config-1.2.1.jar
[06:57:24] [Client thread/TRACE] [FML/]: Skipping known library file C:\Users\USER\Desktop\MultiMC\libraries\org\scala-lang\scala-actors-migration_2.11\1.1.0\scala-actors-migration_2.11-1.1.0.jar
[06:57:24] [Client thread/TRACE] [FML/]: Skipping known library file C:\Users\USER\Desktop\MultiMC\libraries\org\scala-lang\scala-compiler\2.11.1\scala-compiler-2.11.1.jar
[06:57:24] [Client thread/TRACE] [FML/]: Skipping known library file C:\Users\USER\Desktop\MultiMC\libraries\org\scala-lang\plugins\scala-continuations-library_2.11\1.0.2\scala-continuations-library_2.11-1.0.2.jar
[06:57:24] [Client thread/TRACE] [FML/]: Skipping known library file C:\Users\USER\Desktop\MultiMC\libraries\org\scala-lang\plugins\scala-continuations-plugin_2.11.1\1.0.2\scala-continuations-plugin_2.11.1-1.0.2.jar
[06:57:24] [Client thread/TRACE] [FML/]: Skipping known library file C:\Users\USER\Desktop\MultiMC\libraries\org\scala-lang\scala-library\2.11.1\scala-library-2.11.1.jar
[06:57:24] [Client thread/TRACE] [FML/]: Skipping known library file C:\Users\USER\Desktop\MultiMC\libraries\org\scala-lang\scala-parser-combinators_2.11\1.0.1\scala-parser-combinators_2.11-1.0.1.jar
[06:57:24] [Client thread/TRACE] [FML/]: Skipping known library file C:\Users\USER\Desktop\MultiMC\libraries\org\scala-lang\scala-reflect\2.11.1\scala-reflect-2.11.1.jar
[06:57:24] [Client thread/TRACE] [FML/]: Skipping known library file C:\Users\USER\Desktop\MultiMC\libraries\org\scala-lang\scala-swing_2.11\1.0.1\scala-swing_2.11-1.0.1.jar
[06:57:24] [Client thread/TRACE] [FML/]: Skipping known library file C:\Users\USER\Desktop\MultiMC\libraries\org\scala-lang\scala-xml_2.11\1.0.2\scala-xml_2.11-1.0.2.jar
[06:57:24] [Client thread/TRACE] [FML/]: Skipping known library file C:\Users\USER\Desktop\MultiMC\libraries\lzma\lzma\0.0.1\lzma-0.0.1.jar
[06:57:24] [Client thread/TRACE] [FML/]: Skipping known library file C:\Users\USER\Desktop\MultiMC\libraries\java3d\vecmath\1.5.2\vecmath-1.5.2.jar
[06:57:24] [Client thread/TRACE] [FML/]: Skipping known library file C:\Users\USER\Desktop\MultiMC\libraries\net\sf\trove4j\trove4j\3.0.3\trove4j-3.0.3.jar
[06:57:24] [Client thread/DEBUG] [FML/]: Found a minecraft related file at C:\Users\USER\Desktop\MultiMC\libraries\com\mojang\minecraft\1.11.2\minecraft-1.11.2-client.jar, examining for mod candidates
[06:57:24] [Client thread/TRACE] [FML/]: Skipping known library file C:\Users\USER\Desktop\MultiMC\instances\1.11.2\.minecraft\mods\DynamicLights-1.11.2.jar
[06:57:24] [Client thread/DEBUG] [FML/]: Minecraft jar mods loaded successfully
[06:57:24] [Client thread/INFO] [FML/]: Found 0 mods from the command line. Injecting into mod discoverer
[06:57:24] [Client thread/INFO] [FML/]: Searching C:\Users\USER\Desktop\MultiMC\instances\1.11.2\.minecraft\mods for mods
[06:57:24] [Client thread/DEBUG] [FML/]: Found a candidate zip or jar file DynamicLights-1.11.2.jar
[06:57:24] [Client thread/DEBUG] [FML/]: Found a candidate zip or jar file journeymap-1.11.2-5.5.2.jar
[06:57:24] [Client thread/DEBUG] [FML/]: Found a candidate zip or jar file mobends-0.23.1_for_MC-1.11.2.jar
[06:57:24] [Client thread/DEBUG] [FML/]: Found a candidate zip or jar file worldedit-forge-mc1.11-6.1.6-dist.jar
[06:57:24] [Client thread/DEBUG] [FML/]: Examining file NewLaunch.jar for potential mods
[06:57:24] [Client thread/DEBUG] [FML/]: The mod container NewLaunch.jar appears to be missing an mcmod.info file
[06:57:24] [Client thread/DEBUG] [FML/]: Examining file forge-1.11.2-13.20.1.2588-universal.jar for potential mods
[06:57:24] [Client thread/DEBUG] [FML/]: The mod container forge-1.11.2-13.20.1.2588-universal.jar appears to be missing an mcmod.info file
[06:57:25] [Client thread/DEBUG] [FML/]: Examining file minecraft-1.11.2-client.jar for potential mods
[06:57:25] [Client thread/DEBUG] [FML/]: The mod container minecraft-1.11.2-client.jar appears to be missing an mcmod.info file
[06:57:25] [Client thread/DEBUG] [FML/]: Examining file DynamicLights-1.11.2.jar for potential mods
[06:57:25] [Client thread/TRACE] [FML/]: Located mcmod.info file in file DynamicLights-1.11.2.jar
[06:57:25] [Client thread/DEBUG] [FML/]: Identified a mod of type Lnet/minecraftforge/fml/common/Mod; (atomicstryker.dynamiclights.client.DynamicLights) - loading
[06:57:25] [Client thread/TRACE] [dynamiclights/]: Parsed dependency info : [] [] []
[06:57:25] [Client thread/DEBUG] [FML/]: Identified a mod of type Lnet/minecraftforge/fml/common/Mod; (atomicstryker.dynamiclights.client.modules.BurningEntitiesLightSource) - loading
[06:57:25] [Client thread/TRACE] [dynamiclights_onfire/]: Parsed dependency info : [dynamiclights] [dynamiclights] []
[06:57:25] [Client thread/DEBUG] [FML/]: Identified a mod of type Lnet/minecraftforge/fml/common/Mod; (atomicstryker.dynamiclights.client.modules.ChargingCreeperLightSource) - loading
[06:57:25] [Client thread/TRACE] [dynamiclights_creepers/]: Parsed dependency info : [dynamiclights] [dynamiclights] []
[06:57:25] [Client thread/DEBUG] [FML/]: Identified a mod of type Lnet/minecraftforge/fml/common/Mod; (atomicstryker.dynamiclights.client.modules.DroppedItemsLightSource) - loading
[06:57:25] [Client thread/TRACE] [dynamiclights_dropitems/]: Parsed dependency info : [dynamiclights] [dynamiclights] []
[06:57:25] [Client thread/DEBUG] [FML/]: Identified a mod of type Lnet/minecraftforge/fml/common/Mod; (atomicstryker.dynamiclights.client.modules.EntityClassLightSource) - loading
[06:57:25] [Client thread/TRACE] [dynamiclights_entityclasses/]: Parsed dependency info : [dynamiclights] [dynamiclights] []
[06:57:25] [Client thread/DEBUG] [FML/]: Identified a mod of type Lnet/minecraftforge/fml/common/Mod; (atomicstryker.dynamiclights.client.modules.EntityLivingEquipmentLightSource) - loading
[06:57:25] [Client thread/TRACE] [dynamiclights_mobequipment/]: Parsed dependency info : [dynamiclights] [dynamiclights] []
[06:57:25] [Client thread/DEBUG] [FML/]: Identified a mod of type Lnet/minecraftforge/fml/common/Mod; (atomicstryker.dynamiclights.client.modules.FlameEnchantedArrowLightSource) - loading
[06:57:25] [Client thread/TRACE] [dynamiclights_flamearrows/]: Parsed dependency info : [dynamiclights] [dynamiclights] []
[06:57:25] [Client thread/DEBUG] [FML/]: Identified a mod of type Lnet/minecraftforge/fml/common/Mod; (atomicstryker.dynamiclights.client.modules.FloodLightSource) - loading
[06:57:25] [Client thread/TRACE] [dynamiclights_floodlights/]: Parsed dependency info : [dynamiclights] [dynamiclights] []
[06:57:25] [Client thread/DEBUG] [FML/]: Identified a mod of type Lnet/minecraftforge/fml/common/Mod; (atomicstryker.dynamiclights.client.modules.PlayerOthersLightSource) - loading
[06:57:25] [Client thread/TRACE] [dynamiclights_otherplayers/]: Parsed dependency info : [dynamiclights] [dynamiclights] []
[06:57:25] [Client thread/DEBUG] [FML/]: Identified a mod of type Lnet/minecraftforge/fml/common/Mod; (atomicstryker.dynamiclights.client.modules.PlayerSelfLightSource) - loading
[06:57:25] [Client thread/TRACE] [dynamiclights_theplayer/]: Parsed dependency info : [dynamiclights] [dynamiclights] []
[06:57:25] [Client thread/DEBUG] [FML/]: Examining file journeymap-1.11.2-5.5.2.jar for potential mods
[06:57:25] [Client thread/TRACE] [FML/]: Located mcmod.info file in file journeymap-1.11.2-5.5.2.jar
[06:57:25] [Client thread/DEBUG] [FML/]: Identified a mod of type Lnet/minecraftforge/fml/common/Mod; (journeymap.common.Journeymap) - loading
[06:57:25] [Client thread/TRACE] [journeymap/]: Using mcmod dependency info : [] [Forge@[13.20.1.2386,)] []
[06:57:25] [Client thread/DEBUG] [FML/]: Examining file mobends-0.23.1_for_MC-1.11.2.jar for potential mods
[06:57:25] [Client thread/TRACE] [FML/]: Located mcmod.info file in file mobends-0.23.1_for_MC-1.11.2.jar
[06:57:25] [Client thread/DEBUG] [FML/]: Identified a mod of type Lnet/minecraftforge/fml/common/Mod; (net.gobbob.mobends.MoBends) - loading
[06:57:25] [Client thread/TRACE] [mobends/]: Parsed dependency info : [] [] []
[06:57:25] [Client thread/DEBUG] [FML/]: Examining file worldedit-forge-mc1.11-6.1.6-dist.jar for potential mods
[06:57:25] [Client thread/TRACE] [FML/]: Located mcmod.info file in file worldedit-forge-mc1.11-6.1.6-dist.jar
[06:57:25] [Client thread/DEBUG] [FML/]: Identified a mod of type Lnet/minecraftforge/fml/common/Mod; (com.sk89q.worldedit.forge.ForgeWorldEdit) - loading
[06:57:25] [Client thread/TRACE] [worldedit/]: Parsed dependency info : [] [] []
[06:57:26] [Client thread/INFO] [FML/]: Forge Mod Loader has identified 17 mods to load
[06:57:26] [Client thread/DEBUG] [FML/]: Found API journeymap.client.api.display (owned by journeymap providing journeymap|client-api-display) embedded in journeymap
[06:57:26] [Client thread/DEBUG] [FML/]: Found API journeymap.client.api.util (owned by journeymap providing journeymap|client-api-util) embedded in journeymap
[06:57:26] [Client thread/DEBUG] [FML/]: Found API journeymap.client.api.event (owned by journeymap providing journeymap|client-api-event) embedded in journeymap
[06:57:26] [Client thread/DEBUG] [FML/]: Found API journeymap.client.api.model (owned by journeymap providing journeymap|client-api-model) embedded in journeymap
[06:57:26] [Client thread/DEBUG] [FML/]: Found API journeymap.client.api (owned by journeymap providing journeymap|client-api) embedded in journeymap
[06:57:26] [Client thread/DEBUG] [FML/]: Creating API container dummy for API journeymap|client-api-model: owner: journeymap, dependents: []
[06:57:26] [Client thread/DEBUG] [FML/]: Creating API container dummy for API journeymap|client-api-display: owner: journeymap, dependents: []
[06:57:26] [Client thread/DEBUG] [FML/]: Creating API container dummy for API journeymap|client-api: owner: journeymap, dependents: []
[06:57:26] [Client thread/DEBUG] [FML/]: Creating API container dummy for API journeymap|client-api-event: owner: journeymap, dependents: []
[06:57:26] [Client thread/DEBUG] [FML/]: Creating API container dummy for API journeymap|client-api-util: owner: journeymap, dependents: []
[06:57:26] [Client thread/TRACE] [FML/]: Received a system property request ''
[06:57:26] [Client thread/TRACE] [FML/]: System property request managing the state of 0 mods
[06:57:26] [Client thread/DEBUG] [FML/]: After merging, found state information for 0 mods
[06:57:26] [Client thread/DEBUG] [Forge Mod Loader/]: Mod Forge Mod Loader is missing a pack.mcmeta file, substituting a dummy one
[06:57:26] [Client thread/DEBUG] [Minecraft Forge/]: Mod Minecraft Forge is missing a pack.mcmeta file, substituting a dummy one
[06:57:26] [Client thread/DEBUG] [dynamiclights/]: Enabling mod dynamiclights
[06:57:26] [Client thread/DEBUG] [Dynamic Lights/]: Mod Dynamic Lights is missing a pack.mcmeta file, substituting a dummy one
[06:57:26] [Client thread/DEBUG] [dynamiclights_onfire/]: Enabling mod dynamiclights_onfire
[06:57:26] [Client thread/DEBUG] [Dynamic Lights on burning/]: Mod Dynamic Lights on burning is missing a pack.mcmeta file, substituting a dummy one
[06:57:26] [Client thread/DEBUG] [dynamiclights_creepers/]: Enabling mod dynamiclights_creepers
[06:57:26] [Client thread/DEBUG] [Dynamic Lights on Creepers/]: Mod Dynamic Lights on Creepers is missing a pack.mcmeta file, substituting a dummy one
[06:57:26] [Client thread/DEBUG] [dynamiclights_dropitems/]: Enabling mod dynamiclights_dropitems
[06:57:26] [Client thread/DEBUG] [Dynamic Lights on ItemEntities/]: Mod Dynamic Lights on ItemEntities is missing a pack.mcmeta file, substituting a dummy one
[06:57:26] [Client thread/DEBUG] [dynamiclights_entityclasses/]: Enabling mod dynamiclights_entityclasses
[06:57:26] [Client thread/DEBUG] [Dynamic Lights on specified Entities/]: Mod Dynamic Lights on specified Entities is missing a pack.mcmeta file, substituting a dummy one
[06:57:26] [Client thread/DEBUG] [dynamiclights_mobequipment/]: Enabling mod dynamiclights_mobequipment
[06:57:26] [Client thread/DEBUG] [Dynamic Lights on Mob Equipment/]: Mod Dynamic Lights on Mob Equipment is missing a pack.mcmeta file, substituting a dummy one
[06:57:26] [Client thread/DEBUG] [dynamiclights_flamearrows/]: Enabling mod dynamiclights_flamearrows
[06:57:26] [Client thread/DEBUG] [Dynamic Lights on Flame enchanted Arrows/]: Mod Dynamic Lights on Flame enchanted Arrows is missing a pack.mcmeta file, substituting a dummy one
[06:57:26] [Client thread/DEBUG] [dynamiclights_floodlights/]: Enabling mod dynamiclights_floodlights
[06:57:26] [Client thread/DEBUG] [Dynamic Lights Flood Light/]: Mod Dynamic Lights Flood Light is missing a pack.mcmeta file, substituting a dummy one
[06:57:26] [Client thread/DEBUG] [dynamiclights_otherplayers/]: Enabling mod dynamiclights_otherplayers
[06:57:26] [Client thread/DEBUG] [Dynamic Lights Other Player Light/]: Mod Dynamic Lights Other Player Light is missing a pack.mcmeta file, substituting a dummy one
[06:57:26] [Client thread/DEBUG] [dynamiclights_theplayer/]: Enabling mod dynamiclights_theplayer
[06:57:26] [Client thread/DEBUG] [Dynamic Lights Player Light/]: Mod Dynamic Lights Player Light is missing a pack.mcmeta file, substituting a dummy one
[06:57:26] [Client thread/DEBUG] [journeymap/]: Enabling mod journeymap
[06:57:26] [Client thread/DEBUG] [JourneyMap/]: Mod JourneyMap is missing a pack.mcmeta file, substituting a dummy one
[06:57:26] [Client thread/DEBUG] [mobends/]: Enabling mod mobends
[06:57:26] [Client thread/DEBUG] [Mo'Bends/]: Mod Mo'Bends is missing a pack.mcmeta file, substituting a dummy one
[06:57:26] [Client thread/DEBUG] [worldedit/]: Enabling mod worldedit
[06:57:26] [Client thread/DEBUG] [WorldEdit/]: Mod WorldEdit is missing a pack.mcmeta file, substituting a dummy one
[06:57:26] [Client thread/TRACE] [FML/]: Verifying mod requirements are satisfied
[06:57:26] [Client thread/TRACE] [FML/]: All mod requirements are satisfied
[06:57:26] [Client thread/TRACE] [FML/]: Sorting mods into an ordered list
[06:57:26] [Client thread/TRACE] [FML/]: Mod sorting completed successfully
[06:57:26] [Client thread/DEBUG] [FML/]: Mod sorting data
[06:57:26] [Client thread/DEBUG] [FML/]: 	dynamiclights(Dynamic Lights:1.4.6): DynamicLights-1.11.2.jar ()
[06:57:26] [Client thread/DEBUG] [FML/]: 	dynamiclights_onfire(Dynamic Lights on burning:1.0.7): DynamicLights-1.11.2.jar (required-after:dynamiclights)
[06:57:26] [Client thread/DEBUG] [FML/]: 	dynamiclights_creepers(Dynamic Lights on Creepers:1.0.6): DynamicLights-1.11.2.jar (required-after:dynamiclights)
[06:57:26] [Client thread/DEBUG] [FML/]: 	dynamiclights_dropitems(Dynamic Lights on ItemEntities:1.1.0): DynamicLights-1.11.2.jar (required-after:dynamiclights)
[06:57:26] [Client thread/DEBUG] [FML/]: 	dynamiclights_entityclasses(Dynamic Lights on specified Entities:1.0.1): DynamicLights-1.11.2.jar (required-after:dynamiclights)
[06:57:26] [Client thread/DEBUG] [FML/]: 	dynamiclights_mobequipment(Dynamic Lights on Mob Equipment:1.1.0): DynamicLights-1.11.2.jar (required-after:dynamiclights)
[06:57:26] [Client thread/DEBUG] [FML/]: 	dynamiclights_flamearrows(Dynamic Lights on Flame enchanted Arrows:1.0.1): DynamicLights-1.11.2.jar (required-after:dynamiclights)
[06:57:26] [Client thread/DEBUG] [FML/]: 	dynamiclights_floodlights(Dynamic Lights Flood Light:1.0.3): DynamicLights-1.11.2.jar (required-after:dynamiclights)
[06:57:26] [Client thread/DEBUG] [FML/]: 	dynamiclights_otherplayers(Dynamic Lights Other Player Light:1.0.9): DynamicLights-1.11.2.jar (required-after:dynamiclights)
[06:57:26] [Client thread/DEBUG] [FML/]: 	dynamiclights_theplayer(Dynamic Lights Player Light:1.1.3): DynamicLights-1.11.2.jar (required-after:dynamiclights)
[06:57:26] [Client thread/DEBUG] [FML/]: 	journeymap(JourneyMap:1.11.2-5.5.2): journeymap-1.11.2-5.5.2.jar ()
[06:57:26] [Client thread/DEBUG] [FML/]: 	mobends(Mo'Bends:0.23.1): mobends-0.23.1_for_MC-1.11.2.jar ()
[06:57:26] [Client thread/DEBUG] [FML/]: 	worldedit(WorldEdit:6.1.6): worldedit-forge-mc1.11-6.1.6-dist.jar ()
[06:57:26] [Client thread/DEBUG] [FML/]: 	journeymap|client-api-model(API: journeymap|client-api-model:1.4): journeymap-1.11.2-5.5.2.jar ()
[06:57:26] [Client thread/DEBUG] [FML/]: 	journeymap|client-api-display(API: journeymap|client-api-display:1.4): journeymap-1.11.2-5.5.2.jar ()
[06:57:26] [Client thread/DEBUG] [FML/]: 	journeymap|client-api(API: journeymap|client-api:1.4): journeymap-1.11.2-5.5.2.jar ()
[06:57:26] [Client thread/DEBUG] [FML/]: 	journeymap|client-api-event(API: journeymap|client-api-event:1.4): journeymap-1.11.2-5.5.2.jar ()
[06:57:26] [Client thread/DEBUG] [FML/]: 	journeymap|client-api-util(API: journeymap|client-api-util:1.4): journeymap-1.11.2-5.5.2.jar ()
[06:57:26] [Client thread/DEBUG] [FML/]: Loading @Config anotation data
[06:57:26] [Client thread/TRACE] [minecraft/minecraft]: Sending event FMLConstructionEvent to mod minecraft
[06:57:26] [Client thread/TRACE] [minecraft/minecraft]: Sent event FMLConstructionEvent to mod minecraft
[06:57:26] [Client thread/DEBUG] [FML/]: Bar Step: Construction - Minecraft took 0.016s
[06:57:26] [Client thread/TRACE] [mcp/mcp]: Sending event FMLConstructionEvent to mod mcp
[06:57:26] [Client thread/TRACE] [mcp/mcp]: Sent event FMLConstructionEvent to mod mcp
[06:57:26] [Client thread/DEBUG] [FML/]: Bar Step: Construction - Minecraft Coder Pack took 0.006s
[06:57:26] [Client thread/TRACE] [FML/FML]: Sending event FMLConstructionEvent to mod FML
[06:57:26] [Client thread/TRACE] [FML/FML]: Mod FML is using network checker : Invoking method checkModLists
[06:57:26] [Client thread/TRACE] [FML/FML]: Testing mod FML to verify it accepts its own version in a remote connection
[06:57:26] [Client thread/TRACE] [FML/FML]: The mod FML accepts its own version (8.0.99.99)
[06:57:26] [Client thread/INFO] [FML/FML]: Attempting connection with missing mods [minecraft, mcp, FML, forge, dynamiclights, dynamiclights_onfire, dynamiclights_creepers, dynamiclights_dropitems, dynamiclights_entityclasses, dynamiclights_mobequipment, dynamiclights_flamearrows, dynamiclights_floodlights, dynamiclights_otherplayers, dynamiclights_theplayer, journeymap, mobends, worldedit] at CLIENT
[06:57:26] [Client thread/INFO] [FML/FML]: Attempting connection with missing mods [minecraft, mcp, FML, forge, dynamiclights, dynamiclights_onfire, dynamiclights_creepers, dynamiclights_dropitems, dynamiclights_entityclasses, dynamiclights_mobequipment, dynamiclights_flamearrows, dynamiclights_floodlights, dynamiclights_otherplayers, dynamiclights_theplayer, journeymap, mobends, worldedit] at SERVER
[06:57:26] [Client thread/TRACE] [FML/FML]: Sent event FMLConstructionEvent to mod FML
[06:57:26] [Client thread/DEBUG] [FML/]: Bar Step: Construction - Forge Mod Loader took 0.469s
[06:57:26] [Client thread/TRACE] [forge/forge]: Sending event FMLConstructionEvent to mod forge
[06:57:26] [Client thread/DEBUG] [forge/forge]: Preloading CrashReport Classes
[06:57:26] [Client thread/DEBUG] [forge/forge]: 	net/minecraftforge/fml/client/SplashProgress$1
[06:57:26] [Client thread/DEBUG] [forge/forge]: 	net/minecraftforge/fml/common/FMLCommonHandler$1
[06:57:26] [Client thread/DEBUG] [forge/forge]: 	net/minecraftforge/fml/common/Loader$3
[06:57:26] [Client thread/TRACE] [FML/forge]: Mod forge is using network checker : No network checking performed
[06:57:26] [Client thread/TRACE] [FML/forge]: Testing mod forge to verify it accepts its own version in a remote connection
[06:57:26] [Client thread/TRACE] [FML/forge]: The mod forge accepts its own version (13.20.1.2588)
[06:57:26] [Client thread/DEBUG] [FML/forge]: Attempting to inject @Config classes into forge for type INSTANCE
[06:57:26] [Client thread/TRACE] [forge/forge]: Sent event FMLConstructionEvent to mod forge
[06:57:26] [Client thread/DEBUG] [FML/]: Bar Step: Construction - Minecraft Forge took 0.025s
[06:57:26] [Client thread/TRACE] [dynamiclights/dynamiclights]: Sending event FMLConstructionEvent to mod dynamiclights
[06:57:26] [Client thread/TRACE] [FML/dynamiclights]: Mod dynamiclights is using network checker : Accepting version 1.4.6
[06:57:26] [Client thread/TRACE] [FML/dynamiclights]: Testing mod dynamiclights to verify it accepts its own version in a remote connection
[06:57:26] [Client thread/TRACE] [FML/dynamiclights]: The mod dynamiclights accepts its own version (1.4.6)
[06:57:26] [Client thread/DEBUG] [FML/dynamiclights]: Attempting to inject @SidedProxy classes into dynamiclights
[06:57:26] [Client thread/DEBUG] [FML/dynamiclights]: Attempting to inject @EventBusSubscriber classes into the eventbus for dynamiclights
[06:57:26] [Client thread/DEBUG] [FML/dynamiclights]: Attempting to inject @Config classes into dynamiclights for type INSTANCE
[06:57:26] [Client thread/TRACE] [dynamiclights/dynamiclights]: Sent event FMLConstructionEvent to mod dynamiclights
[06:57:26] [Client thread/DEBUG] [FML/]: Bar Step: Construction - Dynamic Lights took 0.039s
[06:57:26] [Client thread/TRACE] [dynamiclights_onfire/dynamiclights_onfire]: Sending event FMLConstructionEvent to mod dynamiclights_onfire
[06:57:26] [Client thread/TRACE] [FML/dynamiclights_onfire]: Mod dynamiclights_onfire is using network checker : Accepting version 1.0.7
[06:57:26] [Client thread/TRACE] [FML/dynamiclights_onfire]: Testing mod dynamiclights_onfire to verify it accepts its own version in a remote connection
[06:57:26] [Client thread/TRACE] [FML/dynamiclights_onfire]: The mod dynamiclights_onfire accepts its own version (1.0.7)
[06:57:26] [Client thread/DEBUG] [FML/dynamiclights_onfire]: Attempting to inject @SidedProxy classes into dynamiclights_onfire
[06:57:26] [Client thread/DEBUG] [FML/dynamiclights_onfire]: Attempting to inject @EventBusSubscriber classes into the eventbus for dynamiclights_onfire
[06:57:26] [Client thread/DEBUG] [FML/dynamiclights_onfire]: Attempting to inject @Config classes into dynamiclights_onfire for type INSTANCE
[06:57:26] [Client thread/DEBUG] [FML/dynamiclights_onfire]: Skipping @net.minecraftforge.fml.common.Mod$Instance injection for atomicstryker.dynamiclights.client.DynamicLights.instance since it is not for mod dynamiclights_onfire
[06:57:26] [Client thread/TRACE] [dynamiclights_onfire/dynamiclights_onfire]: Sent event FMLConstructionEvent to mod dynamiclights_onfire
[06:57:26] [Client thread/DEBUG] [FML/]: Bar Step: Construction - Dynamic Lights on burning took 0.010s
[06:57:26] [Client thread/TRACE] [dynamiclights_creepers/dynamiclights_creepers]: Sending event FMLConstructionEvent to mod dynamiclights_creepers
[06:57:26] [Client thread/TRACE] [FML/dynamiclights_creepers]: Mod dynamiclights_creepers is using network checker : Accepting version 1.0.6
[06:57:26] [Client thread/TRACE] [FML/dynamiclights_creepers]: Testing mod dynamiclights_creepers to verify it accepts its own version in a remote connection
[06:57:26] [Client thread/TRACE] [FML/dynamiclights_creepers]: The mod dynamiclights_creepers accepts its own version (1.0.6)
[06:57:26] [Client thread/DEBUG] [FML/dynamiclights_creepers]: Attempting to inject @SidedProxy classes into dynamiclights_creepers
[06:57:26] [Client thread/DEBUG] [FML/dynamiclights_creepers]: Attempting to inject @EventBusSubscriber classes into the eventbus for dynamiclights_creepers
[06:57:26] [Client thread/DEBUG] [FML/dynamiclights_creepers]: Attempting to inject @Config classes into dynamiclights_creepers for type INSTANCE
[06:57:26] [Client thread/DEBUG] [FML/dynamiclights_creepers]: Skipping @net.minecraftforge.fml.common.Mod$Instance injection for atomicstryker.dynamiclights.client.DynamicLights.instance since it is not for mod dynamiclights_creepers
[06:57:26] [Client thread/TRACE] [dynamiclights_creepers/dynamiclights_creepers]: Sent event FMLConstructionEvent to mod dynamiclights_creepers
[06:57:26] [Client thread/DEBUG] [FML/]: Bar Step: Construction - Dynamic Lights on Creepers took 0.006s
[06:57:26] [Client thread/TRACE] [dynamiclights_dropitems/dynamiclights_dropitems]: Sending event FMLConstructionEvent to mod dynamiclights_dropitems
[06:57:26] [Client thread/TRACE] [FML/dynamiclights_dropitems]: Mod dynamiclights_dropitems is using network checker : Accepting version 1.1.0
[06:57:26] [Client thread/TRACE] [FML/dynamiclights_dropitems]: Testing mod dynamiclights_dropitems to verify it accepts its own version in a remote connection
[06:57:26] [Client thread/TRACE] [FML/dynamiclights_dropitems]: The mod dynamiclights_dropitems accepts its own version (1.1.0)
[06:57:26] [Client thread/DEBUG] [FML/dynamiclights_dropitems]: Attempting to inject @SidedProxy classes into dynamiclights_dropitems
[06:57:26] [Client thread/DEBUG] [FML/dynamiclights_dropitems]: Attempting to inject @EventBusSubscriber classes into the eventbus for dynamiclights_dropitems
[06:57:26] [Client thread/DEBUG] [FML/dynamiclights_dropitems]: Attempting to inject @Config classes into dynamiclights_dropitems for type INSTANCE
[06:57:26] [Client thread/DEBUG] [FML/dynamiclights_dropitems]: Skipping @net.minecraftforge.fml.common.Mod$Instance injection for atomicstryker.dynamiclights.client.DynamicLights.instance since it is not for mod dynamiclights_dropitems
[06:57:26] [Client thread/TRACE] [dynamiclights_dropitems/dynamiclights_dropitems]: Sent event FMLConstructionEvent to mod dynamiclights_dropitems
[06:57:26] [Client thread/DEBUG] [FML/]: Bar Step: Construction - Dynamic Lights on ItemEntities took 0.011s
[06:57:26] [Client thread/TRACE] [dynamiclights_entityclasses/dynamiclights_entityclasses]: Sending event FMLConstructionEvent to mod dynamiclights_entityclasses
[06:57:26] [Client thread/TRACE] [FML/dynamiclights_entityclasses]: Mod dynamiclights_entityclasses is using network checker : Accepting version 1.0.1
[06:57:26] [Client thread/TRACE] [FML/dynamiclights_entityclasses]: Testing mod dynamiclights_entityclasses to verify it accepts its own version in a remote connection
[06:57:26] [Client thread/TRACE] [FML/dynamiclights_entityclasses]: The mod dynamiclights_entityclasses accepts its own version (1.0.1)
[06:57:26] [Client thread/DEBUG] [FML/dynamiclights_entityclasses]: Attempting to inject @SidedProxy classes into dynamiclights_entityclasses
[06:57:26] [Client thread/DEBUG] [FML/dynamiclights_entityclasses]: Attempting to inject @EventBusSubscriber classes into the eventbus for dynamiclights_entityclasses
[06:57:26] [Client thread/DEBUG] [FML/dynamiclights_entityclasses]: Attempting to inject @Config classes into dynamiclights_entityclasses for type INSTANCE
[06:57:26] [Client thread/DEBUG] [FML/dynamiclights_entityclasses]: Skipping @net.minecraftforge.fml.common.Mod$Instance injection for atomicstryker.dynamiclights.client.DynamicLights.instance since it is not for mod dynamiclights_entityclasses
[06:57:26] [Client thread/TRACE] [dynamiclights_entityclasses/dynamiclights_entityclasses]: Sent event FMLConstructionEvent to mod dynamiclights_entityclasses
[06:57:26] [Client thread/DEBUG] [FML/]: Bar Step: Construction - Dynamic Lights on specified Entities took 0.008s
[06:57:26] [Client thread/TRACE] [dynamiclights_mobequipment/dynamiclights_mobequipment]: Sending event FMLConstructionEvent to mod dynamiclights_mobequipment
[06:57:26] [Client thread/TRACE] [FML/dynamiclights_mobequipment]: Mod dynamiclights_mobequipment is using network checker : Accepting version 1.1.0
[06:57:26] [Client thread/TRACE] [FML/dynamiclights_mobequipment]: Testing mod dynamiclights_mobequipment to verify it accepts its own version in a remote connection
[06:57:26] [Client thread/TRACE] [FML/dynamiclights_mobequipment]: The mod dynamiclights_mobequipment accepts its own version (1.1.0)
[06:57:26] [Client thread/DEBUG] [FML/dynamiclights_mobequipment]: Attempting to inject @SidedProxy classes into dynamiclights_mobequipment
[06:57:26] [Client thread/DEBUG] [FML/dynamiclights_mobequipment]: Attempting to inject @EventBusSubscriber classes into the eventbus for dynamiclights_mobequipment
[06:57:26] [Client thread/DEBUG] [FML/dynamiclights_mobequipment]: Attempting to inject @Config classes into dynamiclights_mobequipment for type INSTANCE
[06:57:26] [Client thread/DEBUG] [FML/dynamiclights_mobequipment]: Skipping @net.minecraftforge.fml.common.Mod$Instance injection for atomicstryker.dynamiclights.client.DynamicLights.instance since it is not for mod dynamiclights_mobequipment
[06:57:26] [Client thread/TRACE] [dynamiclights_mobequipment/dynamiclights_mobequipment]: Sent event FMLConstructionEvent to mod dynamiclights_mobequipment
[06:57:26] [Client thread/DEBUG] [FML/]: Bar Step: Construction - Dynamic Lights on Mob Equipment took 0.006s
[06:57:26] [Client thread/TRACE] [dynamiclights_flamearrows/dynamiclights_flamearrows]: Sending event FMLConstructionEvent to mod dynamiclights_flamearrows
[06:57:26] [Client thread/TRACE] [FML/dynamiclights_flamearrows]: Mod dynamiclights_flamearrows is using network checker : Accepting version 1.0.1
[06:57:26] [Client thread/TRACE] [FML/dynamiclights_flamearrows]: Testing mod dynamiclights_flamearrows to verify it accepts its own version in a remote connection
[06:57:26] [Client thread/TRACE] [FML/dynamiclights_flamearrows]: The mod dynamiclights_flamearrows accepts its own version (1.0.1)
[06:57:26] [Client thread/DEBUG] [FML/dynamiclights_flamearrows]: Attempting to inject @SidedProxy classes into dynamiclights_flamearrows
[06:57:26] [Client thread/DEBUG] [FML/dynamiclights_flamearrows]: Attempting to inject @EventBusSubscriber classes into the eventbus for dynamiclights_flamearrows
[06:57:26] [Client thread/DEBUG] [FML/dynamiclights_flamearrows]: Attempting to inject @Config classes into dynamiclights_flamearrows for type INSTANCE
[06:57:26] [Client thread/DEBUG] [FML/dynamiclights_flamearrows]: Skipping @net.minecraftforge.fml.common.Mod$Instance injection for atomicstryker.dynamiclights.client.DynamicLights.instance since it is not for mod dynamiclights_flamearrows
[06:57:26] [Client thread/TRACE] [dynamiclights_flamearrows/dynamiclights_flamearrows]: Sent event FMLConstructionEvent to mod dynamiclights_flamearrows
[06:57:26] [Client thread/DEBUG] [FML/]: Bar Step: Construction - Dynamic Lights on Flame enchanted Arrows took 0.007s
[06:57:26] [Client thread/TRACE] [dynamiclights_floodlights/dynamiclights_floodlights]: Sending event FMLConstructionEvent to mod dynamiclights_floodlights
[06:57:26] [Client thread/TRACE] [FML/dynamiclights_floodlights]: Mod dynamiclights_floodlights is using network checker : Accepting version 1.0.3
[06:57:26] [Client thread/TRACE] [FML/dynamiclights_floodlights]: Testing mod dynamiclights_floodlights to verify it accepts its own version in a remote connection
[06:57:26] [Client thread/TRACE] [FML/dynamiclights_floodlights]: The mod dynamiclights_floodlights accepts its own version (1.0.3)
[06:57:26] [Client thread/DEBUG] [FML/dynamiclights_floodlights]: Attempting to inject @SidedProxy classes into dynamiclights_floodlights
[06:57:26] [Client thread/DEBUG] [FML/dynamiclights_floodlights]: Attempting to inject @EventBusSubscriber classes into the eventbus for dynamiclights_floodlights
[06:57:26] [Client thread/DEBUG] [FML/dynamiclights_floodlights]: Attempting to inject @Config classes into dynamiclights_floodlights for type INSTANCE
[06:57:26] [Client thread/DEBUG] [FML/dynamiclights_floodlights]: Skipping @net.minecraftforge.fml.common.Mod$Instance injection for atomicstryker.dynamiclights.client.DynamicLights.instance since it is not for mod dynamiclights_floodlights
[06:57:26] [Client thread/TRACE] [dynamiclights_floodlights/dynamiclights_floodlights]: Sent event FMLConstructionEvent to mod dynamiclights_floodlights
[06:57:26] [Client thread/DEBUG] [FML/]: Bar Step: Construction - Dynamic Lights Flood Light took 0.008s
[06:57:26] [Client thread/TRACE] [dynamiclights_otherplayers/dynamiclights_otherplayers]: Sending event FMLConstructionEvent to mod dynamiclights_otherplayers
[06:57:26] [Client thread/TRACE] [FML/dynamiclights_otherplayers]: Mod dynamiclights_otherplayers is using network checker : Accepting version 1.0.9
[06:57:26] [Client thread/TRACE] [FML/dynamiclights_otherplayers]: Testing mod dynamiclights_otherplayers to verify it accepts its own version in a remote connection
[06:57:26] [Client thread/TRACE] [FML/dynamiclights_otherplayers]: The mod dynamiclights_otherplayers accepts its own version (1.0.9)
[06:57:26] [Client thread/DEBUG] [FML/dynamiclights_otherplayers]: Attempting to inject @SidedProxy classes into dynamiclights_otherplayers
[06:57:26] [Client thread/DEBUG] [FML/dynamiclights_otherplayers]: Attempting to inject @EventBusSubscriber classes into the eventbus for dynamiclights_otherplayers
[06:57:26] [Client thread/DEBUG] [FML/dynamiclights_otherplayers]: Attempting to inject @Config classes into dynamiclights_otherplayers for type INSTANCE
[06:57:26] [Client thread/DEBUG] [FML/dynamiclights_otherplayers]: Skipping @net.minecraftforge.fml.common.Mod$Instance injection for atomicstryker.dynamiclights.client.DynamicLights.instance since it is not for mod dynamiclights_otherplayers
[06:57:26] [Client thread/TRACE] [dynamiclights_otherplayers/dynamiclights_otherplayers]: Sent event FMLConstructionEvent to mod dynamiclights_otherplayers
[06:57:26] [Client thread/DEBUG] [FML/]: Bar Step: Construction - Dynamic Lights Other Player Light took 0.011s
[06:57:26] [Client thread/TRACE] [dynamiclights_theplayer/dynamiclights_theplayer]: Sending event FMLConstructionEvent to mod dynamiclights_theplayer
[06:57:26] [Client thread/TRACE] [FML/dynamiclights_theplayer]: Mod dynamiclights_theplayer is using network checker : Accepting version 1.1.3
[06:57:26] [Client thread/TRACE] [FML/dynamiclights_theplayer]: Testing mod dynamiclights_theplayer to verify it accepts its own version in a remote connection
[06:57:26] [Client thread/TRACE] [FML/dynamiclights_theplayer]: The mod dynamiclights_theplayer accepts its own version (1.1.3)
[06:57:26] [Client thread/DEBUG] [FML/dynamiclights_theplayer]: Attempting to inject @SidedProxy classes into dynamiclights_theplayer
[06:57:26] [Client thread/DEBUG] [FML/dynamiclights_theplayer]: Attempting to inject @EventBusSubscriber classes into the eventbus for dynamiclights_theplayer
[06:57:26] [Client thread/DEBUG] [FML/dynamiclights_theplayer]: Attempting to inject @Config classes into dynamiclights_theplayer for type INSTANCE
[06:57:26] [Client thread/DEBUG] [FML/dynamiclights_theplayer]: Skipping @net.minecraftforge.fml.common.Mod$Instance injection for atomicstryker.dynamiclights.client.DynamicLights.instance since it is not for mod dynamiclights_theplayer
[06:57:26] [Client thread/TRACE] [dynamiclights_theplayer/dynamiclights_theplayer]: Sent event FMLConstructionEvent to mod dynamiclights_theplayer
[06:57:26] [Client thread/DEBUG] [FML/]: Bar Step: Construction - Dynamic Lights Player Light took 0.009s
[06:57:26] [Client thread/TRACE] [journeymap/journeymap]: Sending event FMLConstructionEvent to mod journeymap
[06:57:26] [Client thread/TRACE] [FML/journeymap]: Mod journeymap is using network checker : Invoking method checkModLists
[06:57:26] [Client thread/TRACE] [FML/journeymap]: Testing mod journeymap to verify it accepts its own version in a remote connection
[06:57:26] [Client thread/TRACE] [FML/journeymap]: The mod journeymap accepts its own version (1.11.2-5.5.2)
[06:57:26] [Client thread/DEBUG] [FML/journeymap]: Attempting to inject @SidedProxy classes into journeymap
[06:57:26] [Client thread/DEBUG] [FML/journeymap]: Attempting to inject @EventBusSubscriber classes into the eventbus for journeymap
[06:57:26] [Client thread/DEBUG] [FML/journeymap]: Attempting to inject @Config classes into journeymap for type INSTANCE
[06:57:26] [Client thread/TRACE] [journeymap/journeymap]: Sent event FMLConstructionEvent to mod journeymap
[06:57:26] [Client thread/DEBUG] [FML/]: Bar Step: Construction - JourneyMap took 0.031s
[06:57:26] [Client thread/TRACE] [mobends/mobends]: Sending event FMLConstructionEvent to mod mobends
[06:57:26] [Client thread/TRACE] [FML/mobends]: Mod mobends is using network checker : Accepting version 0.23.1
[06:57:26] [Client thread/TRACE] [FML/mobends]: Testing mod mobends to verify it accepts its own version in a remote connection
[06:57:26] [Client thread/TRACE] [FML/mobends]: The mod mobends accepts its own version (0.23.1)
[06:57:26] [Client thread/DEBUG] [FML/mobends]: Attempting to inject @SidedProxy classes into mobends
[06:57:26] [Client thread/DEBUG] [FML/mobends]: Attempting to inject @EventBusSubscriber classes into the eventbus for mobends
[06:57:26] [Client thread/DEBUG] [FML/mobends]: Attempting to inject @Config classes into mobends for type INSTANCE
[06:57:26] [Client thread/TRACE] [mobends/mobends]: Sent event FMLConstructionEvent to mod mobends
[06:57:26] [Client thread/DEBUG] [FML/]: Bar Step: Construction - Mo'Bends took 0.017s
[06:57:26] [Client thread/TRACE] [worldedit/worldedit]: Sending event FMLConstructionEvent to mod worldedit
[06:57:26] [Client thread/TRACE] [FML/worldedit]: Mod worldedit is using network checker : No network checking performed
[06:57:26] [Client thread/TRACE] [FML/worldedit]: Testing mod worldedit to verify it accepts its own version in a remote connection
[06:57:26] [Client thread/TRACE] [FML/worldedit]: The mod worldedit accepts its own version (6.1.6)
[06:57:26] [Client thread/DEBUG] [FML/worldedit]: Attempting to inject @SidedProxy classes into worldedit
[06:57:26] [Client thread/DEBUG] [FML/worldedit]: Attempting to inject @EventBusSubscriber classes into the eventbus for worldedit
[06:57:26] [Client thread/DEBUG] [FML/worldedit]: Attempting to inject @Config classes into worldedit for type INSTANCE
[06:57:26] [Client thread/TRACE] [worldedit/worldedit]: Sent event FMLConstructionEvent to mod worldedit
[06:57:26] [Client thread/DEBUG] [FML/]: Bar Step: Construction - WorldEdit took 0.075s
[06:57:26] [Client thread/DEBUG] [FML/]: Bar Finished: Construction took 0.756s
[06:57:26] [Client thread/DEBUG] [FML/]: Mod signature data
[06:57:26] [Client thread/DEBUG] [FML/]:  	Valid Signatures:
[06:57:26] [Client thread/DEBUG] [FML/]: 		(e3c3d50c7c986df74c645c0ac54639741c90a557) FML	(Forge Mod Loader	8.0.99.99)	forge-1.11.2-13.20.1.2588-universal.jar
[06:57:26] [Client thread/DEBUG] [FML/]: 		(e3c3d50c7c986df74c645c0ac54639741c90a557) forge	(Minecraft Forge	13.20.1.2588)	forge-1.11.2-13.20.1.2588-universal.jar
[06:57:26] [Client thread/DEBUG] [FML/]:  	Missing Signatures:
[06:57:26] [Client thread/DEBUG] [FML/]: 		minecraft	(Minecraft	1.11.2)	minecraft.jar
[06:57:26] [Client thread/DEBUG] [FML/]: 		mcp	(Minecraft Coder Pack	9.19)	minecraft.jar
[06:57:26] [Client thread/DEBUG] [FML/]: 		dynamiclights	(Dynamic Lights	1.4.6)	DynamicLights-1.11.2.jar
[06:57:26] [Client thread/DEBUG] [FML/]: 		dynamiclights_onfire	(Dynamic Lights on burning	1.0.7)	DynamicLights-1.11.2.jar
[06:57:26] [Client thread/DEBUG] [FML/]: 		dynamiclights_creepers	(Dynamic Lights on Creepers	1.0.6)	DynamicLights-1.11.2.jar
[06:57:26] [Client thread/DEBUG] [FML/]: 		dynamiclights_dropitems	(Dynamic Lights on ItemEntities	1.1.0)	DynamicLights-1.11.2.jar
[06:57:26] [Client thread/DEBUG] [FML/]: 		dynamiclights_entityclasses	(Dynamic Lights on specified Entities	1.0.1)	DynamicLights-1.11.2.jar
[06:57:26] [Client thread/DEBUG] [FML/]: 		dynamiclights_mobequipment	(Dynamic Lights on Mob Equipment	1.1.0)	DynamicLights-1.11.2.jar
[06:57:26] [Client thread/DEBUG] [FML/]: 		dynamiclights_flamearrows	(Dynamic Lights on Flame enchanted Arrows	1.0.1)	DynamicLights-1.11.2.jar
[06:57:26] [Client thread/DEBUG] [FML/]: 		dynamiclights_floodlights	(Dynamic Lights Flood Light	1.0.3)	DynamicLights-1.11.2.jar
[06:57:26] [Client thread/DEBUG] [FML/]: 		dynamiclights_otherplayers	(Dynamic Lights Other Player Light	1.0.9)	DynamicLights-1.11.2.jar
[06:57:26] [Client thread/DEBUG] [FML/]: 		dynamiclights_theplayer	(Dynamic Lights Player Light	1.1.3)	DynamicLights-1.11.2.jar
[06:57:26] [Client thread/DEBUG] [FML/]: 		journeymap	(JourneyMap	1.11.2-5.5.2)	journeymap-1.11.2-5.5.2.jar
[06:57:26] [Client thread/DEBUG] [FML/]: 		mobends	(Mo'Bends	0.23.1)	mobends-0.23.1_for_MC-1.11.2.jar
[06:57:26] [Client thread/DEBUG] [FML/]: 		worldedit	(WorldEdit	6.1.6)	worldedit-forge-mc1.11-6.1.6-dist.jar
[06:57:26] [Client thread/DEBUG] [FML/]: Bar Step: Loading Resources - Default took 0.010s
[06:57:26] [Client thread/DEBUG] [FML/]: Bar Step: Loading Resources - FMLFileResourcePack:Forge Mod Loader took 0.002s
[06:57:26] [Client thread/DEBUG] [FML/]: Bar Step: Loading Resources - FMLFileResourcePack:Minecraft Forge took 0.002s
[06:57:26] [Client thread/DEBUG] [FML/]: Bar Step: Loading Resources - FMLFileResourcePack:Dynamic Lights took 0.000s
[06:57:26] [Client thread/DEBUG] [FML/]: Bar Step: Loading Resources - FMLFileResourcePack:Dynamic Lights on burning took 0.000s
[06:57:26] [Client thread/DEBUG] [FML/]: Bar Step: Loading Resources - FMLFileResourcePack:Dynamic Lights on Creepers took 0.000s
[06:57:26] [Client thread/DEBUG] [FML/]: Bar Step: Loading Resources - FMLFileResourcePack:Dynamic Lights on ItemEntities took 0.000s
[06:57:26] [Client thread/DEBUG] [FML/]: Bar Step: Loading Resources - FMLFileResourcePack:Dynamic Lights on specified Entities took 0.000s
[06:57:26] [Client thread/DEBUG] [FML/]: Bar Step: Loading Resources - FMLFileResourcePack:Dynamic Lights on Mob Equipment took 0.000s
[06:57:26] [Client thread/DEBUG] [FML/]: Bar Step: Loading Resources - FMLFileResourcePack:Dynamic Lights on Flame enchanted Arrows took 0.000s
[06:57:26] [Client thread/DEBUG] [FML/]: Bar Step: Loading Resources - FMLFileResourcePack:Dynamic Lights Flood Light took 0.000s
[06:57:26] [Client thread/DEBUG] [FML/]: Bar Step: Loading Resources - FMLFileResourcePack:Dynamic Lights Other Player Light took 0.000s
[06:57:26] [Client thread/DEBUG] [FML/]: Bar Step: Loading Resources - FMLFileResourcePack:Dynamic Lights Player Light took 0.000s
[06:57:26] [Client thread/DEBUG] [FML/]: Bar Step: Loading Resources - FMLFileResourcePack:JourneyMap took 0.001s
[06:57:26] [Client thread/DEBUG] [FML/]: Bar Step: Loading Resources - FMLFileResourcePack:Mo'Bends took 0.002s
[06:57:26] [Client thread/DEBUG] [FML/]: Bar Step: Loading Resources - FMLFileResourcePack:WorldEdit took 0.001s
[06:57:26] [Client thread/DEBUG] [FML/]: Bar Step: Loading Resources - snevypackcherrybloomelytra_1.11.2.zip took 0.001s
[06:57:26] [Client thread/DEBUG] [FML/]: Bar Step: Loading Resources - snevypackcherrybloomelytra_1.11.2 took 0.003s
[06:57:26] [Client thread/DEBUG] [FML/]: Bar Finished: Reloading - LanguageManager took 0.022s
[06:57:26] [Client thread/DEBUG] [FML/]: Bar Step: Loading Resources - Reloading listeners took 0.022s
[06:57:26] [Client thread/DEBUG] [FML/]: Bar Finished: Loading Resources took 0.046s
[06:57:26] [Client thread/DEBUG] [Forge Mod Loader/]: Mod Forge Mod Loader is missing a pack.mcmeta file, substituting a dummy one
[06:57:26] [Client thread/DEBUG] [Minecraft Forge/]: Mod Minecraft Forge is missing a pack.mcmeta file, substituting a dummy one
[06:57:26] [Client thread/DEBUG] [Dynamic Lights/]: Mod Dynamic Lights is missing a pack.mcmeta file, substituting a dummy one
[06:57:26] [Client thread/DEBUG] [Dynamic Lights on burning/]: Mod Dynamic Lights on burning is missing a pack.mcmeta file, substituting a dummy one
[06:57:26] [Client thread/DEBUG] [Dynamic Lights on Creepers/]: Mod Dynamic Lights on Creepers is missing a pack.mcmeta file, substituting a dummy one
[06:57:26] [Client thread/DEBUG] [Dynamic Lights on ItemEntities/]: Mod Dynamic Lights on ItemEntities is missing a pack.mcmeta file, substituting a dummy one
[06:57:26] [Client thread/DEBUG] [Dynamic Lights on specified Entities/]: Mod Dynamic Lights on specified Entities is missing a pack.mcmeta file, substituting a dummy one
[06:57:26] [Client thread/DEBUG] [Dynamic Lights on Mob Equipment/]: Mod Dynamic Lights on Mob Equipment is missing a pack.mcmeta file, substituting a dummy one
[06:57:26] [Client thread/DEBUG] [Dynamic Lights on Flame enchanted Arrows/]: Mod Dynamic Lights on Flame enchanted Arrows is missing a pack.mcmeta file, substituting a dummy one
[06:57:26] [Client thread/DEBUG] [Dynamic Lights Flood Light/]: Mod Dynamic Lights Flood Light is missing a pack.mcmeta file, substituting a dummy one
[06:57:26] [Client thread/DEBUG] [Dynamic Lights Other Player Light/]: Mod Dynamic Lights Other Player Light is missing a pack.mcmeta file, substituting a dummy one
[06:57:26] [Client thread/DEBUG] [Dynamic Lights Player Light/]: Mod Dynamic Lights Player Light is missing a pack.mcmeta file, substituting a dummy one
[06:57:26] [Client thread/DEBUG] [JourneyMap/]: Mod JourneyMap is missing a pack.mcmeta file, substituting a dummy one
[06:57:26] [Client thread/DEBUG] [Mo'Bends/]: Mod Mo'Bends is missing a pack.mcmeta file, substituting a dummy one
[06:57:26] [Client thread/DEBUG] [WorldEdit/]: Mod WorldEdit is missing a pack.mcmeta file, substituting a dummy one
[06:57:26] [Client thread/INFO] [FML/]: Processing ObjectHolder annotations
[06:57:27] [Client thread/INFO] [FML/]: Found 1093 ObjectHolder annotations
[06:57:27] [Client thread/INFO] [FML/]: Identifying ItemStackHolder annotations
[06:57:27] [Client thread/INFO] [FML/]: Found 0 ItemStackHolder annotations
[06:57:27] [Client thread/INFO] [FML/]: Applying holder lookups
[06:57:27] [Client thread/INFO] [FML/]: Holder lookups applied
[06:57:27] [Client thread/INFO] [FML/]: Applying holder lookups
[06:57:27] [Client thread/INFO] [FML/]: Holder lookups applied
[06:57:27] [Client thread/INFO] [FML/]: Applying holder lookups
[06:57:27] [Client thread/INFO] [FML/]: Holder lookups applied
[06:57:27] [Client thread/TRACE] [minecraft/minecraft]: Sending event FMLPreInitializationEvent to mod minecraft
[06:57:27] [Client thread/TRACE] [minecraft/minecraft]: Sent event FMLPreInitializationEvent to mod minecraft
[06:57:27] [Client thread/DEBUG] [FML/]: Bar Step: PreInitialization - Minecraft took 0.001s
[06:57:27] [Client thread/TRACE] [mcp/mcp]: Sending event FMLPreInitializationEvent to mod mcp
[06:57:27] [Client thread/TRACE] [mcp/mcp]: Sent event FMLPreInitializationEvent to mod mcp
[06:57:27] [Client thread/DEBUG] [FML/]: Bar Step: PreInitialization - Minecraft Coder Pack took 0.000s
[06:57:27] [Client thread/TRACE] [FML/FML]: Sending event FMLPreInitializationEvent to mod FML
[06:57:27] [Client thread/TRACE] [FML/FML]: Sent event FMLPreInitializationEvent to mod FML
[06:57:27] [Client thread/DEBUG] [FML/]: Bar Step: PreInitialization - Forge Mod Loader took 0.000s
[06:57:27] [Client thread/TRACE] [forge/forge]: Sending event FMLPreInitializationEvent to mod forge
[06:57:27] [Client thread/INFO] [FML/forge]: Configured a dormant chunk cache size of 0
[06:57:27] [Client thread/TRACE] [forge/forge]: Sent event FMLPreInitializationEvent to mod forge
[06:57:27] [Client thread/DEBUG] [FML/]: Bar Step: PreInitialization - Minecraft Forge took 0.096s
[06:57:27] [Client thread/TRACE] [dynamiclights/dynamiclights]: Sending event FMLPreInitializationEvent to mod dynamiclights
[06:57:27] [Forge Version Check/INFO] [ForgeVersionCheck/forge]: [forge] Starting version check at http://files.minecraftforge.net/maven/net/minecraftforge/forge/promotions_slim.json
[06:57:27] [Client thread/TRACE] [dynamiclights/dynamiclights]: Sent event FMLPreInitializationEvent to mod dynamiclights
[06:57:27] [Client thread/DEBUG] [FML/]: Bar Step: PreInitialization - Dynamic Lights took 0.005s
[06:57:27] [Client thread/TRACE] [dynamiclights_onfire/dynamiclights_onfire]: Sending event FMLPreInitializationEvent to mod dynamiclights_onfire
[06:57:27] [Client thread/TRACE] [dynamiclights_onfire/dynamiclights_onfire]: Sent event FMLPreInitializationEvent to mod dynamiclights_onfire
[06:57:27] [Client thread/DEBUG] [FML/]: Bar Step: PreInitialization - Dynamic Lights on burning took 0.006s
[06:57:27] [Client thread/TRACE] [dynamiclights_creepers/dynamiclights_creepers]: Sending event FMLPreInitializationEvent to mod dynamiclights_creepers
[06:57:27] [Client thread/TRACE] [dynamiclights_creepers/dynamiclights_creepers]: Sent event FMLPreInitializationEvent to mod dynamiclights_creepers
[06:57:27] [Client thread/DEBUG] [FML/]: Bar Step: PreInitialization - Dynamic Lights on Creepers took 0.001s
[06:57:27] [Client thread/TRACE] [dynamiclights_dropitems/dynamiclights_dropitems]: Sending event FMLPreInitializationEvent to mod dynamiclights_dropitems
[06:57:27] [Client thread/TRACE] [dynamiclights_dropitems/dynamiclights_dropitems]: Sent event FMLPreInitializationEvent to mod dynamiclights_dropitems
[06:57:27] [Client thread/DEBUG] [FML/]: Bar Step: PreInitialization - Dynamic Lights on ItemEntities took 0.004s
[06:57:27] [Client thread/TRACE] [dynamiclights_entityclasses/dynamiclights_entityclasses]: Sending event FMLPreInitializationEvent to mod dynamiclights_entityclasses
[06:57:27] [Client thread/TRACE] [dynamiclights_entityclasses/dynamiclights_entityclasses]: Sent event FMLPreInitializationEvent to mod dynamiclights_entityclasses
[06:57:27] [Client thread/DEBUG] [FML/]: Bar Step: PreInitialization - Dynamic Lights on specified Entities took 0.004s
[06:57:27] [Client thread/TRACE] [dynamiclights_mobequipment/dynamiclights_mobequipment]: Sending event FMLPreInitializationEvent to mod dynamiclights_mobequipment
[06:57:27] [Client thread/TRACE] [dynamiclights_mobequipment/dynamiclights_mobequipment]: Sent event FMLPreInitializationEvent to mod dynamiclights_mobequipment
[06:57:27] [Client thread/DEBUG] [FML/]: Bar Step: PreInitialization - Dynamic Lights on Mob Equipment took 0.002s
[06:57:27] [Client thread/TRACE] [dynamiclights_flamearrows/dynamiclights_flamearrows]: Sending event FMLPreInitializationEvent to mod dynamiclights_flamearrows
[06:57:27] [Client thread/TRACE] [dynamiclights_flamearrows/dynamiclights_flamearrows]: Sent event FMLPreInitializationEvent to mod dynamiclights_flamearrows
[06:57:27] [Client thread/DEBUG] [FML/]: Bar Step: PreInitialization - Dynamic Lights on Flame enchanted Arrows took 0.001s
[06:57:27] [Client thread/TRACE] [dynamiclights_floodlights/dynamiclights_floodlights]: Sending event FMLPreInitializationEvent to mod dynamiclights_floodlights
[06:57:27] [Client thread/TRACE] [dynamiclights_floodlights/dynamiclights_floodlights]: Sent event FMLPreInitializationEvent to mod dynamiclights_floodlights
[06:57:27] [Client thread/DEBUG] [FML/]: Bar Step: PreInitialization - Dynamic Lights Flood Light took 0.003s
[06:57:27] [Client thread/TRACE] [dynamiclights_otherplayers/dynamiclights_otherplayers]: Sending event FMLPreInitializationEvent to mod dynamiclights_otherplayers
[06:57:27] [Client thread/TRACE] [dynamiclights_otherplayers/dynamiclights_otherplayers]: Sent event FMLPreInitializationEvent to mod dynamiclights_otherplayers
[06:57:27] [Client thread/DEBUG] [FML/]: Bar Step: PreInitialization - Dynamic Lights Other Player Light took 0.004s
[06:57:27] [Client thread/TRACE] [dynamiclights_theplayer/dynamiclights_theplayer]: Sending event FMLPreInitializationEvent to mod dynamiclights_theplayer
[06:57:27] [Client thread/TRACE] [dynamiclights_theplayer/dynamiclights_theplayer]: Sent event FMLPreInitializationEvent to mod dynamiclights_theplayer
[06:57:27] [Client thread/DEBUG] [FML/]: Bar Step: PreInitialization - Dynamic Lights Player Light took 0.003s
[06:57:27] [Client thread/TRACE] [journeymap/journeymap]: Sending event FMLPreInitializationEvent to mod journeymap
[06:57:27] [Client thread/INFO] [journeymap/journeymap]: No plugins for JourneyMap API discovered.
[06:57:27] [Client thread/TRACE] [journeymap/journeymap]: Sent event FMLPreInitializationEvent to mod journeymap
[06:57:27] [Client thread/DEBUG] [FML/]: Bar Step: PreInitialization - JourneyMap took 0.005s
[06:57:27] [Client thread/TRACE] [mobends/mobends]: Sending event FMLPreInitializationEvent to mod mobends
[06:57:27] [Thread-6/INFO] [FML/]: Using alternative sync timing : 200 frames of Display.update took 1554786100 nanos
[06:57:27] [Client thread/TRACE] [mobends/mobends]: Sent event FMLPreInitializationEvent to mod mobends
[06:57:27] [Client thread/DEBUG] [FML/]: Bar Step: PreInitialization - Mo'Bends took 0.015s
[06:57:27] [Client thread/TRACE] [worldedit/worldedit]: Sending event FMLPreInitializationEvent to mod worldedit
[06:57:27] [Client thread/TRACE] [worldedit/worldedit]: Sent event FMLPreInitializationEvent to mod worldedit
[06:57:27] [Client thread/DEBUG] [FML/]: Bar Step: PreInitialization - WorldEdit took 0.015s
[06:57:27] [Client thread/DEBUG] [FML/]: Bar Finished: PreInitialization took 0.164s
[06:57:27] [Client thread/INFO] [FML/]: Applying holder lookups
[06:57:27] [Client thread/INFO] [FML/]: Holder lookups applied
[06:57:27] [Client thread/INFO] [FML/]: Injecting itemstacks
[06:57:27] [Client thread/INFO] [FML/]: Itemstack injection complete
[06:57:27] [Client thread/DEBUG] [FML/]: Bar Finished: Loading Resource - TextureManager took 0.000s
[06:57:27] [Forge Version Check/DEBUG] [ForgeVersionCheck/forge]: [forge] Received version check data:
Moved Permanently
[06:57:27] [Forge Version Check/DEBUG] [ForgeVersionCheck/forge]: Failed to process update information
com.google.gson.JsonSyntaxException: java.lang.IllegalStateException: Expected BEGIN_OBJECT but was STRING at line 1 column 1
	at com.google.gson.Gson.fromJson(Gson.java:815) ~[Gson.class:?]
	at com.google.gson.Gson.fromJson(Gson.java:768) ~[Gson.class:?]
	at com.google.gson.Gson.fromJson(Gson.java:717) ~[Gson.class:?]
	at com.google.gson.Gson.fromJson(Gson.java:689) ~[Gson.class:?]
	at net.minecraftforge.common.ForgeVersion$1.process(ForgeVersion.java:227) [ForgeVersion$1.class:?]
	at net.minecraftforge.common.ForgeVersion$1.run(ForgeVersion.java:202) [ForgeVersion$1.class:?]
Caused by: java.lang.IllegalStateException: Expected BEGIN_OBJECT but was STRING at line 1 column 1
	at com.google.gson.stream.JsonReader.beginObject(JsonReader.java:374) ~[JsonReader.class:?]
	at com.google.gson.internal.bind.MapTypeAdapterFactory$Adapter.read(MapTypeAdapterFactory.java:183) ~[MapTypeAdapterFactory$Adapter.class:?]
	at com.google.gson.internal.bind.MapTypeAdapterFactory$Adapter.read(MapTypeAdapterFactory.java:145) ~[MapTypeAdapterFactory$Adapter.class:?]
	at com.google.gson.Gson.fromJson(Gson.java:803) ~[Gson.class:?]
	... 5 more
[06:57:30] [Client thread/DEBUG] [FML/]: Bar Finished: Loading Resource - SoundHandler took 2.740s
[06:57:30] [Client thread/DEBUG] [FML/]: Bar Finished: Loading Resource - FontRenderer took 0.012s
[06:57:30] [Client thread/DEBUG] [FML/]: Bar Finished: Loading Resource - FontRenderer took 0.016s
[06:57:30] [Client thread/DEBUG] [FML/]: Bar Finished: Loading Resource - GrassColorReloadListener took 0.033s
[06:57:30] [Client thread/DEBUG] [FML/]: Bar Finished: Loading Resource - FoliageColorReloadListener took 0.018s
[06:57:30] [Client thread/DEBUG] [FML/]: Bar Step: Rendering Setup - GL Setup took 0.001s
[06:57:30] [Client thread/DEBUG] [FML/]: Bar Step: Rendering Setup - Loading Texture Map took 0.012s
[06:57:30] [Client thread/DEBUG] [FML/]: Bar Finished: Loading Resource - B3DLoader took 0.000s
[06:57:30] [Client thread/DEBUG] [FML/]: Bar Finished: Loading Resource - OBJLoader took 0.000s
[06:57:30] [Client thread/DEBUG] [FML/]: Bar Finished: Loading Resource - ModelFluid$FluidLoader took 0.000s
[06:57:30] [Client thread/DEBUG] [FML/]: Bar Finished: Loading Resource - ItemLayerModel$Loader took 0.000s
[06:57:30] [Client thread/DEBUG] [FML/]: Bar Finished: Loading Resource - MultiLayerModel$Loader took 0.000s
[06:57:30] [Client thread/DEBUG] [FML/]: Bar Finished: Loading Resource - ModelDynBucket$LoaderDynBucket took 0.000s
[06:57:38] [Client thread/DEBUG] [FML/]: Bar Finished: ModelLoader: blocks took 7.250s
[06:57:40] [Client thread/DEBUG] [FML/]: Bar Finished: ModelLoader: items took 2.559s
[06:57:40] [Client thread/INFO] [FML/]: Max texture size: 8192
[06:57:40] [Client thread/DEBUG] [FML/]: Bar Finished: Texture stitching - missingno took 0.001s
[06:57:40] [Client thread/DEBUG] [FML/]: Bar Finished: Texture creation took 0.002s
[06:57:40] [Client thread/DEBUG] [FML/]: Bar Finished: Texture mipmap and upload - missingno took 0.000s
[06:57:40] [Client thread/DEBUG] [FML/]: Bar Finished: Loading Resource - ModelManager took 10.306s
[06:57:40] [Client thread/DEBUG] [FML/]: Bar Step: Rendering Setup - Loading Model Manager took 10.803s
[06:57:41] [Client thread/DEBUG] [FML/]: Bar Finished: Loading Resource - RenderItem took 0.005s
[06:57:41] [Client thread/DEBUG] [FML/]: Bar Step: Rendering Setup - Loading Item Renderer took 0.191s
[06:57:41] [Client thread/DEBUG] [FML/]: Bar Finished: Loading Resource - EntityRenderer took 0.000s
[06:57:41] [Client thread/DEBUG] [FML/]: Bar Finished: Loading Resource - BlockRendererDispatcher took 0.000s
[06:57:41] [Client thread/DEBUG] [FML/]: Bar Finished: Loading Resource - RenderGlobal took 0.000s
[06:57:41] [Client thread/DEBUG] [FML/]: Bar Step: Rendering Setup - Loading Entity Renderer took 0.127s
[06:57:41] [Client thread/DEBUG] [FML/]: Bar Finished: Rendering Setup took 11.133s
[06:57:41] [Client thread/TRACE] [minecraft/minecraft]: Sending event FMLInitializationEvent to mod minecraft
[06:57:41] [Client thread/TRACE] [minecraft/minecraft]: Sent event FMLInitializationEvent to mod minecraft
[06:57:41] [Client thread/DEBUG] [FML/]: Bar Step: Initialization - Minecraft took 0.000s
[06:57:41] [Client thread/TRACE] [mcp/mcp]: Sending event FMLInitializationEvent to mod mcp
[06:57:41] [Client thread/TRACE] [mcp/mcp]: Sent event FMLInitializationEvent to mod mcp
[06:57:41] [Client thread/DEBUG] [FML/]: Bar Step: Initialization - Minecraft Coder Pack took 0.000s
[06:57:41] [Client thread/TRACE] [FML/FML]: Sending event FMLInitializationEvent to mod FML
[06:57:41] [Client thread/TRACE] [FML/FML]: Sent event FMLInitializationEvent to mod FML
[06:57:41] [Client thread/DEBUG] [FML/]: Bar Step: Initialization - Forge Mod Loader took 0.000s
[06:57:41] [Client thread/TRACE] [forge/forge]: Sending event FMLInitializationEvent to mod forge
[06:57:41] [Client thread/TRACE] [forge/forge]: Sent event FMLInitializationEvent to mod forge
[06:57:41] [Client thread/DEBUG] [FML/]: Bar Step: Initialization - Minecraft Forge took 0.000s
[06:57:41] [Client thread/TRACE] [dynamiclights/dynamiclights]: Sending event FMLInitializationEvent to mod dynamiclights
[06:57:41] [Client thread/TRACE] [dynamiclights/dynamiclights]: Sent event FMLInitializationEvent to mod dynamiclights
[06:57:41] [Client thread/DEBUG] [FML/]: Bar Step: Initialization - Dynamic Lights took 0.003s
[06:57:41] [Client thread/TRACE] [dynamiclights_onfire/dynamiclights_onfire]: Sending event FMLInitializationEvent to mod dynamiclights_onfire
[06:57:41] [Client thread/TRACE] [dynamiclights_onfire/dynamiclights_onfire]: Sent event FMLInitializationEvent to mod dynamiclights_onfire
[06:57:41] [Client thread/DEBUG] [FML/]: Bar Step: Initialization - Dynamic Lights on burning took 0.000s
[06:57:41] [Client thread/TRACE] [dynamiclights_creepers/dynamiclights_creepers]: Sending event FMLInitializationEvent to mod dynamiclights_creepers
[06:57:41] [Client thread/TRACE] [dynamiclights_creepers/dynamiclights_creepers]: Sent event FMLInitializationEvent to mod dynamiclights_creepers
[06:57:41] [Client thread/DEBUG] [FML/]: Bar Step: Initialization - Dynamic Lights on Creepers took 0.001s
[06:57:41] [Client thread/TRACE] [dynamiclights_dropitems/dynamiclights_dropitems]: Sending event FMLInitializationEvent to mod dynamiclights_dropitems
[06:57:41] [Client thread/TRACE] [dynamiclights_dropitems/dynamiclights_dropitems]: Sent event FMLInitializationEvent to mod dynamiclights_dropitems
[06:57:41] [Client thread/DEBUG] [FML/]: Bar Step: Initialization - Dynamic Lights on ItemEntities took 0.000s
[06:57:41] [Client thread/TRACE] [dynamiclights_entityclasses/dynamiclights_entityclasses]: Sending event FMLInitializationEvent to mod dynamiclights_entityclasses
[06:57:41] [Client thread/TRACE] [dynamiclights_entityclasses/dynamiclights_entityclasses]: Sent event FMLInitializationEvent to mod dynamiclights_entityclasses
[06:57:41] [Client thread/DEBUG] [FML/]: Bar Step: Initialization - Dynamic Lights on specified Entities took 0.000s
[06:57:41] [Client thread/TRACE] [dynamiclights_mobequipment/dynamiclights_mobequipment]: Sending event FMLInitializationEvent to mod dynamiclights_mobequipment
[06:57:41] [Client thread/TRACE] [dynamiclights_mobequipment/dynamiclights_mobequipment]: Sent event FMLInitializationEvent to mod dynamiclights_mobequipment
[06:57:41] [Client thread/DEBUG] [FML/]: Bar Step: Initialization - Dynamic Lights on Mob Equipment took 0.000s
[06:57:41] [Client thread/TRACE] [dynamiclights_flamearrows/dynamiclights_flamearrows]: Sending event FMLInitializationEvent to mod dynamiclights_flamearrows
[06:57:41] [Client thread/TRACE] [dynamiclights_flamearrows/dynamiclights_flamearrows]: Sent event FMLInitializationEvent to mod dynamiclights_flamearrows
[06:57:41] [Client thread/DEBUG] [FML/]: Bar Step: Initialization - Dynamic Lights on Flame enchanted Arrows took 0.001s
[06:57:41] [Client thread/TRACE] [dynamiclights_floodlights/dynamiclights_floodlights]: Sending event FMLInitializationEvent to mod dynamiclights_floodlights
[06:57:41] [Client thread/TRACE] [dynamiclights_floodlights/dynamiclights_floodlights]: Sent event FMLInitializationEvent to mod dynamiclights_floodlights
[06:57:41] [Client thread/DEBUG] [FML/]: Bar Step: Initialization - Dynamic Lights Flood Light took 0.000s
[06:57:41] [Client thread/TRACE] [dynamiclights_otherplayers/dynamiclights_otherplayers]: Sending event FMLInitializationEvent to mod dynamiclights_otherplayers
[06:57:41] [Client thread/TRACE] [dynamiclights_otherplayers/dynamiclights_otherplayers]: Sent event FMLInitializationEvent to mod dynamiclights_otherplayers
[06:57:41] [Client thread/DEBUG] [FML/]: Bar Step: Initialization - Dynamic Lights Other Player Light took 0.000s
[06:57:41] [Client thread/TRACE] [dynamiclights_theplayer/dynamiclights_theplayer]: Sending event FMLInitializationEvent to mod dynamiclights_theplayer
[06:57:41] [Client thread/TRACE] [dynamiclights_theplayer/dynamiclights_theplayer]: Sent event FMLInitializationEvent to mod dynamiclights_theplayer
[06:57:41] [Client thread/DEBUG] [FML/]: Bar Step: Initialization - Dynamic Lights Player Light took 0.000s
[06:57:41] [Client thread/TRACE] [journeymap/journeymap]: Sending event FMLInitializationEvent to mod journeymap
[06:57:41] [Client thread/ERROR] [journeymap/journeymap]: Default theme not found in C:\Users\USER\Desktop\MultiMC\instances\1.11.2\.minecraft\journeymap\icon\theme\flat\OceanMonument.theme2.json: OceanMonument (SUPPRESSED)
[06:57:41] [Client thread/INFO] [journeymap/journeymap]: JourneyMap log initialized.
[06:57:41] [Client thread/INFO] [journeymap/journeymap]: initialize ENTER
[06:57:41] [Client thread/INFO] [journeymap/journeymap]: [ClientAPI] built with JourneyMap API 1.4
[06:57:41] [Client thread/INFO] [journeymap/journeymap]: Initializing plugins with Client API: journeymap.client.api.impl.ClientAPI
[06:57:41] [Client thread/INFO] [journeymap/journeymap]: initialize EXIT, elapsed count 0 avg ?ms
[06:57:41] [Client thread/TRACE] [journeymap/journeymap]: Sent event FMLInitializationEvent to mod journeymap
[06:57:41] [Client thread/DEBUG] [FML/]: Bar Step: Initialization - JourneyMap took 0.435s
[06:57:41] [Client thread/TRACE] [mobends/mobends]: Sending event FMLInitializationEvent to mod mobends
[06:57:43] [Client thread/TRACE] [mobends/mobends]: Sent event FMLInitializationEvent to mod mobends
[06:57:43] [Client thread/DEBUG] [FML/]: Bar Step: Initialization - Mo'Bends took 1.792s
[06:57:43] [Client thread/TRACE] [worldedit/worldedit]: Sending event FMLInitializationEvent to mod worldedit
[06:57:43] [Client thread/TRACE] [worldedit/worldedit]: Sent event FMLInitializationEvent to mod worldedit
[06:57:43] [Client thread/DEBUG] [FML/]: Bar Step: Initialization - WorldEdit took 0.025s
[06:57:43] [Client thread/DEBUG] [FML/]: Bar Finished: Initialization took 2.258s
[06:57:43] [Client thread/TRACE] [FML/]: Attempting to deliver 0 IMC messages to mod minecraft
[06:57:43] [Client thread/TRACE] [minecraft/minecraft]: Sending event IMCEvent to mod minecraft
[06:57:43] [Client thread/TRACE] [minecraft/minecraft]: Sent event IMCEvent to mod minecraft
[06:57:43] [Client thread/DEBUG] [FML/]: Bar Step: InterModComms$IMC - Minecraft took 0.004s
[06:57:43] [Client thread/TRACE] [FML/]: Attempting to deliver 0 IMC messages to mod mcp
[06:57:43] [Client thread/TRACE] [mcp/mcp]: Sending event IMCEvent to mod mcp
[06:57:43] [Client thread/TRACE] [mcp/mcp]: Sent event IMCEvent to mod mcp
[06:57:43] [Client thread/DEBUG] [FML/]: Bar Step: InterModComms$IMC - Minecraft Coder Pack took 0.000s
[06:57:43] [Client thread/TRACE] [FML/]: Attempting to deliver 0 IMC messages to mod FML
[06:57:43] [Client thread/TRACE] [FML/FML]: Sending event IMCEvent to mod FML
[06:57:43] [Client thread/TRACE] [FML/FML]: Sent event IMCEvent to mod FML
[06:57:43] [Client thread/DEBUG] [FML/]: Bar Step: InterModComms$IMC - Forge Mod Loader took 0.000s
[06:57:43] [Client thread/TRACE] [FML/]: Attempting to deliver 0 IMC messages to mod forge
[06:57:43] [Client thread/TRACE] [forge/forge]: Sending event IMCEvent to mod forge
[06:57:43] [Client thread/TRACE] [forge/forge]: Sent event IMCEvent to mod forge
[06:57:43] [Client thread/DEBUG] [FML/]: Bar Step: InterModComms$IMC - Minecraft Forge took 0.000s
[06:57:43] [Client thread/TRACE] [FML/]: Attempting to deliver 0 IMC messages to mod dynamiclights
[06:57:43] [Client thread/TRACE] [dynamiclights/dynamiclights]: Sending event IMCEvent to mod dynamiclights
[06:57:43] [Client thread/TRACE] [dynamiclights/dynamiclights]: Sent event IMCEvent to mod dynamiclights
[06:57:43] [Client thread/DEBUG] [FML/]: Bar Step: InterModComms$IMC - Dynamic Lights took 0.000s
[06:57:43] [Client thread/TRACE] [FML/]: Attempting to deliver 0 IMC messages to mod dynamiclights_onfire
[06:57:43] [Client thread/TRACE] [dynamiclights_onfire/dynamiclights_onfire]: Sending event IMCEvent to mod dynamiclights_onfire
[06:57:43] [Client thread/TRACE] [dynamiclights_onfire/dynamiclights_onfire]: Sent event IMCEvent to mod dynamiclights_onfire
[06:57:43] [Client thread/DEBUG] [FML/]: Bar Step: InterModComms$IMC - Dynamic Lights on burning took 0.000s
[06:57:43] [Client thread/TRACE] [FML/]: Attempting to deliver 0 IMC messages to mod dynamiclights_creepers
[06:57:43] [Client thread/TRACE] [dynamiclights_creepers/dynamiclights_creepers]: Sending event IMCEvent to mod dynamiclights_creepers
[06:57:43] [Client thread/TRACE] [dynamiclights_creepers/dynamiclights_creepers]: Sent event IMCEvent to mod dynamiclights_creepers
[06:57:43] [Client thread/DEBUG] [FML/]: Bar Step: InterModComms$IMC - Dynamic Lights on Creepers took 0.000s
[06:57:43] [Client thread/TRACE] [FML/]: Attempting to deliver 0 IMC messages to mod dynamiclights_dropitems
[06:57:43] [Client thread/TRACE] [dynamiclights_dropitems/dynamiclights_dropitems]: Sending event IMCEvent to mod dynamiclights_dropitems
[06:57:43] [Client thread/TRACE] [dynamiclights_dropitems/dynamiclights_dropitems]: Sent event IMCEvent to mod dynamiclights_dropitems
[06:57:43] [Client thread/DEBUG] [FML/]: Bar Step: InterModComms$IMC - Dynamic Lights on ItemEntities took 0.000s
[06:57:43] [Client thread/TRACE] [FML/]: Attempting to deliver 0 IMC messages to mod dynamiclights_entityclasses
[06:57:43] [Client thread/TRACE] [dynamiclights_entityclasses/dynamiclights_entityclasses]: Sending event IMCEvent to mod dynamiclights_entityclasses
[06:57:43] [Client thread/TRACE] [dynamiclights_entityclasses/dynamiclights_entityclasses]: Sent event IMCEvent to mod dynamiclights_entityclasses
[06:57:43] [Client thread/DEBUG] [FML/]: Bar Step: InterModComms$IMC - Dynamic Lights on specified Entities took 0.000s
[06:57:43] [Client thread/TRACE] [FML/]: Attempting to deliver 0 IMC messages to mod dynamiclights_mobequipment
[06:57:43] [Client thread/TRACE] [dynamiclights_mobequipment/dynamiclights_mobequipment]: Sending event IMCEvent to mod dynamiclights_mobequipment
[06:57:43] [Client thread/TRACE] [dynamiclights_mobequipment/dynamiclights_mobequipment]: Sent event IMCEvent to mod dynamiclights_mobequipment
[06:57:43] [Client thread/DEBUG] [FML/]: Bar Step: InterModComms$IMC - Dynamic Lights on Mob Equipment took 0.000s
[06:57:43] [Client thread/TRACE] [FML/]: Attempting to deliver 0 IMC messages to mod dynamiclights_flamearrows
[06:57:43] [Client thread/TRACE] [dynamiclights_flamearrows/dynamiclights_flamearrows]: Sending event IMCEvent to mod dynamiclights_flamearrows
[06:57:43] [Client thread/TRACE] [dynamiclights_flamearrows/dynamiclights_flamearrows]: Sent event IMCEvent to mod dynamiclights_flamearrows
[06:57:43] [Client thread/DEBUG] [FML/]: Bar Step: InterModComms$IMC - Dynamic Lights on Flame enchanted Arrows took 0.000s
[06:57:43] [Client thread/TRACE] [FML/]: Attempting to deliver 0 IMC messages to mod dynamiclights_floodlights
[06:57:43] [Client thread/TRACE] [dynamiclights_floodlights/dynamiclights_floodlights]: Sending event IMCEvent to mod dynamiclights_floodlights
[06:57:43] [Client thread/TRACE] [dynamiclights_floodlights/dynamiclights_floodlights]: Sent event IMCEvent to mod dynamiclights_floodlights
[06:57:43] [Client thread/DEBUG] [FML/]: Bar Step: InterModComms$IMC - Dynamic Lights Flood Light took 0.000s
[06:57:43] [Client thread/TRACE] [FML/]: Attempting to deliver 0 IMC messages to mod dynamiclights_otherplayers
[06:57:43] [Client thread/TRACE] [dynamiclights_otherplayers/dynamiclights_otherplayers]: Sending event IMCEvent to mod dynamiclights_otherplayers
[06:57:43] [Client thread/TRACE] [dynamiclights_otherplayers/dynamiclights_otherplayers]: Sent event IMCEvent to mod dynamiclights_otherplayers
[06:57:43] [Client thread/DEBUG] [FML/]: Bar Step: InterModComms$IMC - Dynamic Lights Other Player Light took 0.000s
[06:57:43] [Client thread/TRACE] [FML/]: Attempting to deliver 0 IMC messages to mod dynamiclights_theplayer
[06:57:43] [Client thread/TRACE] [dynamiclights_theplayer/dynamiclights_theplayer]: Sending event IMCEvent to mod dynamiclights_theplayer
[06:57:43] [Client thread/TRACE] [dynamiclights_theplayer/dynamiclights_theplayer]: Sent event IMCEvent to mod dynamiclights_theplayer
[06:57:43] [Client thread/DEBUG] [FML/]: Bar Step: InterModComms$IMC - Dynamic Lights Player Light took 0.000s
[06:57:43] [Client thread/TRACE] [FML/]: Attempting to deliver 0 IMC messages to mod journeymap
[06:57:43] [Client thread/TRACE] [journeymap/journeymap]: Sending event IMCEvent to mod journeymap
[06:57:43] [Client thread/TRACE] [journeymap/journeymap]: Sent event IMCEvent to mod journeymap
[06:57:43] [Client thread/DEBUG] [FML/]: Bar Step: InterModComms$IMC - JourneyMap took 0.000s
[06:57:43] [Client thread/TRACE] [FML/]: Attempting to deliver 0 IMC messages to mod mobends
[06:57:43] [Client thread/TRACE] [mobends/mobends]: Sending event IMCEvent to mod mobends
[06:57:43] [Client thread/TRACE] [mobends/mobends]: Sent event IMCEvent to mod mobends
[06:57:43] [Client thread/DEBUG] [FML/]: Bar Step: InterModComms$IMC - Mo'Bends took 0.000s
[06:57:43] [Client thread/TRACE] [FML/]: Attempting to deliver 0 IMC messages to mod worldedit
[06:57:43] [Client thread/TRACE] [worldedit/worldedit]: Sending event IMCEvent to mod worldedit
[06:57:43] [Client thread/TRACE] [worldedit/worldedit]: Sent event IMCEvent to mod worldedit
[06:57:43] [Client thread/DEBUG] [FML/]: Bar Step: InterModComms$IMC - WorldEdit took 0.000s
[06:57:43] [Client thread/DEBUG] [FML/]: Bar Finished: InterModComms$IMC took 0.007s
[06:57:43] [Client thread/INFO] [FML/]: Injecting itemstacks
[06:57:43] [Client thread/INFO] [FML/]: Itemstack injection complete
[06:57:43] [Client thread/TRACE] [minecraft/minecraft]: Sending event FMLPostInitializationEvent to mod minecraft
[06:57:43] [Client thread/TRACE] [minecraft/minecraft]: Sent event FMLPostInitializationEvent to mod minecraft
[06:57:43] [Client thread/DEBUG] [FML/]: Bar Step: PostInitialization - Minecraft took 0.000s
[06:57:43] [Client thread/TRACE] [mcp/mcp]: Sending event FMLPostInitializationEvent to mod mcp
[06:57:43] [Client thread/TRACE] [mcp/mcp]: Sent event FMLPostInitializationEvent to mod mcp
[06:57:43] [Client thread/DEBUG] [FML/]: Bar Step: PostInitialization - Minecraft Coder Pack took 0.000s
[06:57:43] [Client thread/TRACE] [FML/FML]: Sending event FMLPostInitializationEvent to mod FML
[06:57:43] [Client thread/TRACE] [FML/FML]: Sent event FMLPostInitializationEvent to mod FML
[06:57:43] [Client thread/DEBUG] [FML/]: Bar Step: PostInitialization - Forge Mod Loader took 0.000s
[06:57:43] [Client thread/TRACE] [forge/forge]: Sending event FMLPostInitializationEvent to mod forge
[06:57:43] [Client thread/TRACE] [forge/forge]: Sent event FMLPostInitializationEvent to mod forge
[06:57:43] [Client thread/DEBUG] [FML/]: Bar Step: PostInitialization - Minecraft Forge took 0.012s
[06:57:43] [Client thread/TRACE] [dynamiclights/dynamiclights]: Sending event FMLPostInitializationEvent to mod dynamiclights
[06:57:43] [Client thread/TRACE] [dynamiclights/dynamiclights]: Sent event FMLPostInitializationEvent to mod dynamiclights
[06:57:43] [Client thread/DEBUG] [FML/]: Bar Step: PostInitialization - Dynamic Lights took 0.000s
[06:57:43] [Client thread/TRACE] [dynamiclights_onfire/dynamiclights_onfire]: Sending event FMLPostInitializationEvent to mod dynamiclights_onfire
[06:57:43] [Client thread/TRACE] [dynamiclights_onfire/dynamiclights_onfire]: Sent event FMLPostInitializationEvent to mod dynamiclights_onfire
[06:57:43] [Client thread/DEBUG] [FML/]: Bar Step: PostInitialization - Dynamic Lights on burning took 0.000s
[06:57:43] [Client thread/TRACE] [dynamiclights_creepers/dynamiclights_creepers]: Sending event FMLPostInitializationEvent to mod dynamiclights_creepers
[06:57:43] [Client thread/TRACE] [dynamiclights_creepers/dynamiclights_creepers]: Sent event FMLPostInitializationEvent to mod dynamiclights_creepers
[06:57:43] [Client thread/DEBUG] [FML/]: Bar Step: PostInitialization - Dynamic Lights on Creepers took 0.000s
[06:57:43] [Client thread/TRACE] [dynamiclights_dropitems/dynamiclights_dropitems]: Sending event FMLPostInitializationEvent to mod dynamiclights_dropitems
[06:57:43] [Client thread/TRACE] [dynamiclights_dropitems/dynamiclights_dropitems]: Sent event FMLPostInitializationEvent to mod dynamiclights_dropitems
[06:57:43] [Client thread/DEBUG] [FML/]: Bar Step: PostInitialization - Dynamic Lights on ItemEntities took 0.003s
[06:57:43] [Client thread/TRACE] [dynamiclights_entityclasses/dynamiclights_entityclasses]: Sending event FMLPostInitializationEvent to mod dynamiclights_entityclasses
[06:57:43] [Client thread/TRACE] [dynamiclights_entityclasses/dynamiclights_entityclasses]: Sent event FMLPostInitializationEvent to mod dynamiclights_entityclasses
[06:57:43] [Client thread/DEBUG] [FML/]: Bar Step: PostInitialization - Dynamic Lights on specified Entities took 0.000s
[06:57:43] [Client thread/TRACE] [dynamiclights_mobequipment/dynamiclights_mobequipment]: Sending event FMLPostInitializationEvent to mod dynamiclights_mobequipment
[06:57:43] [Client thread/TRACE] [dynamiclights_mobequipment/dynamiclights_mobequipment]: Sent event FMLPostInitializationEvent to mod dynamiclights_mobequipment
[06:57:43] [Client thread/DEBUG] [FML/]: Bar Step: PostInitialization - Dynamic Lights on Mob Equipment took 0.002s
[06:57:43] [Client thread/TRACE] [dynamiclights_flamearrows/dynamiclights_flamearrows]: Sending event FMLPostInitializationEvent to mod dynamiclights_flamearrows
[06:57:43] [Client thread/TRACE] [dynamiclights_flamearrows/dynamiclights_flamearrows]: Sent event FMLPostInitializationEvent to mod dynamiclights_flamearrows
[06:57:43] [Client thread/DEBUG] [FML/]: Bar Step: PostInitialization - Dynamic Lights on Flame enchanted Arrows took 0.000s
[06:57:43] [Client thread/TRACE] [dynamiclights_floodlights/dynamiclights_floodlights]: Sending event FMLPostInitializationEvent to mod dynamiclights_floodlights
[06:57:43] [Client thread/TRACE] [dynamiclights_floodlights/dynamiclights_floodlights]: Sent event FMLPostInitializationEvent to mod dynamiclights_floodlights
[06:57:43] [Client thread/DEBUG] [FML/]: Bar Step: PostInitialization - Dynamic Lights Flood Light took 0.004s
[06:57:43] [Client thread/TRACE] [dynamiclights_otherplayers/dynamiclights_otherplayers]: Sending event FMLPostInitializationEvent to mod dynamiclights_otherplayers
[06:57:43] [Client thread/TRACE] [dynamiclights_otherplayers/dynamiclights_otherplayers]: Sent event FMLPostInitializationEvent to mod dynamiclights_otherplayers
[06:57:43] [Client thread/DEBUG] [FML/]: Bar Step: PostInitialization - Dynamic Lights Other Player Light took 0.003s
[06:57:43] [Client thread/TRACE] [dynamiclights_theplayer/dynamiclights_theplayer]: Sending event FMLPostInitializationEvent to mod dynamiclights_theplayer
[06:57:43] [Client thread/TRACE] [dynamiclights_theplayer/dynamiclights_theplayer]: Sent event FMLPostInitializationEvent to mod dynamiclights_theplayer
[06:57:43] [Client thread/DEBUG] [FML/]: Bar Step: PostInitialization - Dynamic Lights Player Light took 0.003s
[06:57:43] [Client thread/TRACE] [journeymap/journeymap]: Sending event FMLPostInitializationEvent to mod journeymap
[06:57:43] [Client thread/DEBUG] [journeymap/journeymap]: postInitialize ENTER
[06:57:43] [Client thread/DEBUG] [journeymap/journeymap]: Handler registered: journeymap.client.forge.event.KeyEventHandler
[06:57:43] [Client thread/DEBUG] [journeymap/journeymap]: Handler registered: journeymap.client.forge.event.ChatEventHandler
[06:57:43] [Client thread/DEBUG] [journeymap/journeymap]: Handler registered: journeymap.client.forge.event.StateTickHandler
[06:57:43] [Client thread/DEBUG] [journeymap/journeymap]: Handler registered: journeymap.client.forge.event.WorldEventHandler
[06:57:43] [Client thread/DEBUG] [journeymap/journeymap]: Handler registered: journeymap.client.forge.event.WaypointBeaconHandler
[06:57:43] [Client thread/DEBUG] [journeymap/journeymap]: Handler registered: journeymap.client.forge.event.TextureAtlasHandler
[06:57:43] [Client thread/DEBUG] [journeymap/journeymap]: Handler registered: journeymap.client.forge.event.MiniMapOverlayHandler
[06:57:43] [Client thread/DEBUG] [journeymap/journeymap]: Handler registered: journeymap.client.world.ChunkMonitor
[06:57:43] [Client thread/INFO] [journeymap/journeymap]: Added entity icons from journeymap:icon/entity. Success: false
[06:57:43] [Client thread/TRACE] [journeymap/journeymap]: Initializing themes ...
[06:57:44] [Client thread/INFO] [journeymap/journeymap]: Preloaded theme textures: 71
[06:57:44] [Client thread/DEBUG] [journeymap/journeymap]: postInitialize EXIT, elapsed§8 count §r1§8 avg §r774.94§8ms§r
[06:57:44] [Client thread/DEBUG] [FML/]: Bar Step: PostInitialization - JourneyMap took 0.777s
[06:57:44] [Client thread/TRACE] [mobends/mobends]: Sending event FMLPostInitializationEvent to mod mobends
[06:57:44] [Client thread/TRACE] [mobends/mobends]: Sent event FMLPostInitializationEvent to mod mobends
[06:57:44] [Client thread/DEBUG] [FML/]: Bar Step: PostInitialization - Mo'Bends took 0.003s
[06:57:44] [Client thread/TRACE] [worldedit/worldedit]: Sending event FMLPostInitializationEvent to mod worldedit
[06:57:44] [JM-VersionCheck-1/ERROR] [journeymap/journeymap]: Could not check version URL
java.net.UnknownHostException: widget.mcf.li
	at java.net.AbstractPlainSocketImpl.connect(Unknown Source) ~[?:1.8.0_491]
	at java.net.PlainSocketImpl.connect(Unknown Source) ~[?:1.8.0_491]
	at java.net.SocksSocketImpl.connect(Unknown Source) ~[?:1.8.0_491]
	at java.net.Socket.connect(Unknown Source) ~[?:1.8.0_491]
	at java.net.Socket.connect(Unknown Source) ~[?:1.8.0_491]
	at sun.net.NetworkClient.doConnect(Unknown Source) ~[?:1.8.0_491]
	at sun.net.www.http.HttpClient.openServer(Unknown Source) ~[?:1.8.0_491]
	at sun.net.www.http.HttpClient.openServer(Unknown Source) ~[?:1.8.0_491]
	at sun.net.www.http.HttpClient.<init>(Unknown Source) ~[?:1.8.0_491]
	at sun.net.www.http.HttpClient.New(Unknown Source) ~[?:1.8.0_491]
	at sun.net.www.http.HttpClient.New(Unknown Source) ~[?:1.8.0_491]
	at sun.net.www.protocol.http.HttpURLConnection.getNewHttpClient(Unknown Source) ~[?:1.8.0_491]
	at sun.net.www.protocol.http.HttpURLConnection.plainConnect0(Unknown Source) ~[?:1.8.0_491]
	at sun.net.www.protocol.http.HttpURLConnection$6.run(Unknown Source) ~[?:1.8.0_491]
	at sun.net.www.protocol.http.HttpURLConnection$6.run(Unknown Source) ~[?:1.8.0_491]
	at java.security.AccessController.doPrivileged(Native Method) ~[?:1.8.0_491]
	at java.security.AccessController.doPrivilegedWithCombiner(Unknown Source) ~[?:1.8.0_491]
	at sun.net.www.protocol.http.HttpURLConnection.plainConnect(Unknown Source) ~[?:1.8.0_491]
	at sun.net.www.protocol.http.HttpURLConnection.connect(Unknown Source) ~[?:1.8.0_491]
	at sun.net.www.protocol.http.HttpURLConnection.getInputStream0(Unknown Source) ~[?:1.8.0_491]
	at sun.net.www.protocol.http.HttpURLConnection.access$200(Unknown Source) ~[?:1.8.0_491]
	at sun.net.www.protocol.http.HttpURLConnection$9.run(Unknown Source) ~[?:1.8.0_491]
	at sun.net.www.protocol.http.HttpURLConnection$9.run(Unknown Source) ~[?:1.8.0_491]
	at java.security.AccessController.doPrivileged(Native Method) ~[?:1.8.0_491]
	at java.security.AccessController.doPrivilegedWithCombiner(Unknown Source) ~[?:1.8.0_491]
	at sun.net.www.protocol.http.HttpURLConnection.getInputStream(Unknown Source) ~[?:1.8.0_491]
	at java.net.URL.openStream(Unknown Source) ~[?:1.8.0_491]
	at journeymap.common.version.VersionCheck$1.run(VersionCheck.java:125) [VersionCheck$1.class:1.11.2-5.5.2]
	at java.util.concurrent.Executors$RunnableAdapter.call(Unknown Source) [?:1.8.0_491]
	at java.util.concurrent.FutureTask.run(Unknown Source) [?:1.8.0_491]
	at java.util.concurrent.ThreadPoolExecutor.runWorker(Unknown Source) [?:1.8.0_491]
	at java.util.concurrent.ThreadPoolExecutor$Worker.run(Unknown Source) [?:1.8.0_491]
	at java.lang.Thread.run(Unknown Source) [?:1.8.0_491]
[06:57:44] [Client thread/INFO] [worldedit/worldedit]: WorldEdit for Forge (version 6.1.6) is loaded
[06:57:44] [Client thread/TRACE] [worldedit/worldedit]: Sent event FMLPostInitializationEvent to mod worldedit
[06:57:44] [Client thread/DEBUG] [FML/]: Bar Step: PostInitialization - WorldEdit took 0.005s
[06:57:44] [Client thread/DEBUG] [FML/]: Bar Finished: PostInitialization took 0.813s
[06:57:44] [Client thread/TRACE] [minecraft/minecraft]: Sending event FMLLoadCompleteEvent to mod minecraft
[06:57:44] [Client thread/TRACE] [minecraft/minecraft]: Sent event FMLLoadCompleteEvent to mod minecraft
[06:57:44] [Client thread/DEBUG] [FML/]: Bar Step: LoadComplete - Minecraft took 0.000s
[06:57:44] [Client thread/TRACE] [mcp/mcp]: Sending event FMLLoadCompleteEvent to mod mcp
[06:57:44] [Client thread/TRACE] [mcp/mcp]: Sent event FMLLoadCompleteEvent to mod mcp
[06:57:44] [Client thread/DEBUG] [FML/]: Bar Step: LoadComplete - Minecraft Coder Pack took 0.000s
[06:57:44] [Client thread/TRACE] [FML/FML]: Sending event FMLLoadCompleteEvent to mod FML
[06:57:44] [Client thread/TRACE] [FML/FML]: Sent event FMLLoadCompleteEvent to mod FML
[06:57:44] [Client thread/DEBUG] [FML/]: Bar Step: LoadComplete - Forge Mod Loader took 0.000s
[06:57:44] [Client thread/TRACE] [forge/forge]: Sending event FMLLoadCompleteEvent to mod forge
[06:57:44] [Client thread/DEBUG] [FML/forge]: Forge RecipeSorter Baking:
[06:57:44] [Client thread/DEBUG] [FML/forge]:   16: RecipeEntry("Before", UNKNOWN, )
[06:57:44] [Client thread/DEBUG] [FML/forge]:   15: RecipeEntry("minecraft:shaped", SHAPED, net.minecraft.item.crafting.ShapedRecipes) Before: minecraft:shapeless
[06:57:44] [Client thread/DEBUG] [FML/forge]:   14: RecipeEntry("forge:shapedore", SHAPED, net.minecraftforge.oredict.ShapedOreRecipe) Before: minecraft:shapeless After: minecraft:shaped
[06:57:44] [Client thread/DEBUG] [FML/forge]:   13: RecipeEntry("minecraft:mapextending", SHAPED, net.minecraft.item.crafting.RecipesMapExtending) Before: minecraft:shapeless After: minecraft:shaped
[06:57:44] [Client thread/DEBUG] [FML/forge]:   12: RecipeEntry("minecraft:shapeless", SHAPELESS, net.minecraft.item.crafting.ShapelessRecipes) After: minecraft:shaped
[06:57:44] [Client thread/DEBUG] [FML/forge]:   11: RecipeEntry("minecraft:repair", SHAPELESS, net.minecraft.item.crafting.RecipeRepairItem) After: minecraft:shapeless
[06:57:44] [Client thread/DEBUG] [FML/forge]:   10: RecipeEntry("minecraft:shield_deco", SHAPELESS, net.minecraft.item.crafting.ShieldRecipes$Decoration) After: minecraft:shapeless
[06:57:44] [Client thread/DEBUG] [FML/forge]:   9: RecipeEntry("minecraft:armordyes", SHAPELESS, net.minecraft.item.crafting.RecipesArmorDyes) After: minecraft:shapeless
[06:57:44] [Client thread/DEBUG] [FML/forge]:   8: RecipeEntry("minecraft:fireworks", SHAPELESS, net.minecraft.item.crafting.RecipeFireworks) After: minecraft:shapeless
[06:57:44] [Client thread/DEBUG] [FML/forge]:   7: RecipeEntry("minecraft:pattern_dupe", SHAPELESS, net.minecraft.item.crafting.RecipesBanners$RecipeDuplicatePattern) After: minecraft:shapeless
[06:57:44] [Client thread/DEBUG] [FML/forge]:   6: RecipeEntry("minecraft:tippedarrow", SHAPELESS, net.minecraft.item.crafting.RecipeTippedArrow) After: minecraft:shapeless
[06:57:44] [Client thread/DEBUG] [FML/forge]:   5: RecipeEntry("minecraft:mapcloning", SHAPELESS, net.minecraft.item.crafting.RecipesMapCloning) After: minecraft:shapeless
[06:57:44] [Client thread/DEBUG] [FML/forge]:   4: RecipeEntry("forge:shapelessore", SHAPELESS, net.minecraftforge.oredict.ShapelessOreRecipe) After: minecraft:shapeless
[06:57:44] [Client thread/DEBUG] [FML/forge]:   3: RecipeEntry("minecraft:pattern_add", SHAPELESS, net.minecraft.item.crafting.RecipesBanners$RecipeAddPattern) After: minecraft:shapeless
[06:57:44] [Client thread/DEBUG] [FML/forge]:   2: RecipeEntry("minecraft:bookcloning", SHAPELESS, net.minecraft.item.crafting.RecipeBookCloning) After: minecraft:shapeless
[06:57:44] [Client thread/DEBUG] [FML/forge]:   1: RecipeEntry("After", UNKNOWN, )
[06:57:44] [Client thread/DEBUG] [FML/forge]: Sorting recipes
[06:57:44] [Client thread/TRACE] [forge/forge]: Sent event FMLLoadCompleteEvent to mod forge
[06:57:44] [Client thread/DEBUG] [FML/]: Bar Step: LoadComplete - Minecraft Forge took 0.012s
[06:57:44] [Client thread/TRACE] [dynamiclights/dynamiclights]: Sending event FMLLoadCompleteEvent to mod dynamiclights
[06:57:44] [Client thread/TRACE] [dynamiclights/dynamiclights]: Sent event FMLLoadCompleteEvent to mod dynamiclights
[06:57:44] [Client thread/DEBUG] [FML/]: Bar Step: LoadComplete - Dynamic Lights took 0.000s
[06:57:44] [Client thread/TRACE] [dynamiclights_onfire/dynamiclights_onfire]: Sending event FMLLoadCompleteEvent to mod dynamiclights_onfire
[06:57:44] [Client thread/TRACE] [dynamiclights_onfire/dynamiclights_onfire]: Sent event FMLLoadCompleteEvent to mod dynamiclights_onfire
[06:57:44] [Client thread/DEBUG] [FML/]: Bar Step: LoadComplete - Dynamic Lights on burning took 0.000s
[06:57:44] [Client thread/TRACE] [dynamiclights_creepers/dynamiclights_creepers]: Sending event FMLLoadCompleteEvent to mod dynamiclights_creepers
[06:57:44] [Client thread/TRACE] [dynamiclights_creepers/dynamiclights_creepers]: Sent event FMLLoadCompleteEvent to mod dynamiclights_creepers
[06:57:44] [Client thread/DEBUG] [FML/]: Bar Step: LoadComplete - Dynamic Lights on Creepers took 0.000s
[06:57:44] [Client thread/TRACE] [dynamiclights_dropitems/dynamiclights_dropitems]: Sending event FMLLoadCompleteEvent to mod dynamiclights_dropitems
[06:57:44] [Client thread/TRACE] [dynamiclights_dropitems/dynamiclights_dropitems]: Sent event FMLLoadCompleteEvent to mod dynamiclights_dropitems
[06:57:44] [Client thread/DEBUG] [FML/]: Bar Step: LoadComplete - Dynamic Lights on ItemEntities took 0.000s
[06:57:44] [Client thread/TRACE] [dynamiclights_entityclasses/dynamiclights_entityclasses]: Sending event FMLLoadCompleteEvent to mod dynamiclights_entityclasses
[06:57:44] [Client thread/TRACE] [dynamiclights_entityclasses/dynamiclights_entityclasses]: Sent event FMLLoadCompleteEvent to mod dynamiclights_entityclasses
[06:57:44] [Client thread/DEBUG] [FML/]: Bar Step: LoadComplete - Dynamic Lights on specified Entities took 0.000s
[06:57:44] [Client thread/TRACE] [dynamiclights_mobequipment/dynamiclights_mobequipment]: Sending event FMLLoadCompleteEvent to mod dynamiclights_mobequipment
[06:57:44] [Client thread/TRACE] [dynamiclights_mobequipment/dynamiclights_mobequipment]: Sent event FMLLoadCompleteEvent to mod dynamiclights_mobequipment
[06:57:44] [Client thread/DEBUG] [FML/]: Bar Step: LoadComplete - Dynamic Lights on Mob Equipment took 0.000s
[06:57:44] [Client thread/TRACE] [dynamiclights_flamearrows/dynamiclights_flamearrows]: Sending event FMLLoadCompleteEvent to mod dynamiclights_flamearrows
[06:57:44] [Client thread/TRACE] [dynamiclights_flamearrows/dynamiclights_flamearrows]: Sent event FMLLoadCompleteEvent to mod dynamiclights_flamearrows
[06:57:44] [Client thread/DEBUG] [FML/]: Bar Step: LoadComplete - Dynamic Lights on Flame enchanted Arrows took 0.000s
[06:57:44] [Client thread/TRACE] [dynamiclights_floodlights/dynamiclights_floodlights]: Sending event FMLLoadCompleteEvent to mod dynamiclights_floodlights
[06:57:44] [Client thread/TRACE] [dynamiclights_floodlights/dynamiclights_floodlights]: Sent event FMLLoadCompleteEvent to mod dynamiclights_floodlights
[06:57:44] [Client thread/DEBUG] [FML/]: Bar Step: LoadComplete - Dynamic Lights Flood Light took 0.000s
[06:57:44] [Client thread/TRACE] [dynamiclights_otherplayers/dynamiclights_otherplayers]: Sending event FMLLoadCompleteEvent to mod dynamiclights_otherplayers
[06:57:44] [Client thread/TRACE] [dynamiclights_otherplayers/dynamiclights_otherplayers]: Sent event FMLLoadCompleteEvent to mod dynamiclights_otherplayers
[06:57:44] [Client thread/DEBUG] [FML/]: Bar Step: LoadComplete - Dynamic Lights Other Player Light took 0.000s
[06:57:44] [Client thread/TRACE] [dynamiclights_theplayer/dynamiclights_theplayer]: Sending event FMLLoadCompleteEvent to mod dynamiclights_theplayer
[06:57:44] [Client thread/TRACE] [dynamiclights_theplayer/dynamiclights_theplayer]: Sent event FMLLoadCompleteEvent to mod dynamiclights_theplayer
[06:57:44] [Client thread/DEBUG] [FML/]: Bar Step: LoadComplete - Dynamic Lights Player Light took 0.000s
[06:57:44] [Client thread/DEBUG] [FML/]: Bar Step: LoadComplete - JourneyMap took 0.000s
[06:57:44] [Client thread/TRACE] [mobends/mobends]: Sending event FMLLoadCompleteEvent to mod mobends
[06:57:44] [Client thread/TRACE] [mobends/mobends]: Sent event FMLLoadCompleteEvent to mod mobends
[06:57:44] [Client thread/DEBUG] [FML/]: Bar Step: LoadComplete - Mo'Bends took 0.001s
[06:57:44] [Client thread/TRACE] [worldedit/worldedit]: Sending event FMLLoadCompleteEvent to mod worldedit
[06:57:44] [Client thread/TRACE] [worldedit/worldedit]: Sent event FMLLoadCompleteEvent to mod worldedit
[06:57:44] [Client thread/DEBUG] [FML/]: Bar Step: LoadComplete - WorldEdit took 0.001s
[06:57:44] [Client thread/DEBUG] [FML/]: Bar Finished: LoadComplete took 0.016s
[06:57:44] [Client thread/DEBUG] [FML/]: Freezing block and item id maps
[06:57:44] [Client thread/INFO] [FML/]: Forge Mod Loader has successfully loaded 17 mods
[06:57:44] [Client thread/DEBUG] [FML/]: Bar Step: Loading Resources - Default took 0.000s
[06:57:44] [Client thread/DEBUG] [FML/]: Bar Step: Loading Resources - FMLFileResourcePack:Forge Mod Loader took 0.003s
[06:57:44] [Client thread/DEBUG] [FML/]: Bar Step: Loading Resources - FMLFileResourcePack:Minecraft Forge took 0.003s
[06:57:44] [Client thread/DEBUG] [FML/]: Bar Step: Loading Resources - FMLFileResourcePack:Dynamic Lights took 0.000s
[06:57:44] [Client thread/DEBUG] [FML/]: Bar Step: Loading Resources - FMLFileResourcePack:Dynamic Lights on burning took 0.000s
[06:57:44] [Client thread/DEBUG] [FML/]: Bar Step: Loading Resources - FMLFileResourcePack:Dynamic Lights on Creepers took 0.000s
[06:57:44] [Client thread/DEBUG] [FML/]: Bar Step: Loading Resources - FMLFileResourcePack:Dynamic Lights on ItemEntities took 0.000s
[06:57:44] [Client thread/DEBUG] [FML/]: Bar Step: Loading Resources - FMLFileResourcePack:Dynamic Lights on specified Entities took 0.000s
[06:57:44] [Client thread/DEBUG] [FML/]: Bar Step: Loading Resources - FMLFileResourcePack:Dynamic Lights on Mob Equipment took 0.000s
[06:57:44] [Client thread/DEBUG] [FML/]: Bar Step: Loading Resources - FMLFileResourcePack:Dynamic Lights on Flame enchanted Arrows took 0.000s
[06:57:44] [Client thread/DEBUG] [FML/]: Bar Step: Loading Resources - FMLFileResourcePack:Dynamic Lights Flood Light took 0.000s
[06:57:44] [Client thread/DEBUG] [FML/]: Bar Step: Loading Resources - FMLFileResourcePack:Dynamic Lights Other Player Light took 0.000s
[06:57:44] [Client thread/DEBUG] [FML/]: Bar Step: Loading Resources - FMLFileResourcePack:Dynamic Lights Player Light took 0.000s
[06:57:44] [Client thread/DEBUG] [FML/]: Bar Step: Loading Resources - FMLFileResourcePack:JourneyMap took 0.001s
[06:57:44] [Client thread/DEBUG] [FML/]: Bar Step: Loading Resources - FMLFileResourcePack:Mo'Bends took 0.000s
[06:57:44] [Client thread/DEBUG] [FML/]: Bar Step: Loading Resources - FMLFileResourcePack:WorldEdit took 0.001s
[06:57:44] [Client thread/DEBUG] [FML/]: Bar Step: Loading Resources - snevypackcherrybloomelytra_1.11.2.zip took 0.000s
[06:57:44] [Client thread/DEBUG] [FML/]: Bar Step: Loading Resources - snevypackcherrybloomelytra_1.11.2 took 0.002s
[06:57:44] [Client thread/DEBUG] [FML/]: Bar Step: Reloading Texture Manager - minecraft:textures/atlas/blocks.png took 0.000s
[06:57:44] [Client thread/DEBUG] [FML/]: Bar Step: Reloading Texture Manager - minecraft:textures/font/ascii.png took 0.008s
[06:57:44] [Client thread/DEBUG] [FML/]: Bar Step: Reloading Texture Manager - journeymap:ui/img/marker-player-16.png took 0.000s
[06:57:44] [Client thread/DEBUG] [FML/]: Bar Step: Reloading Texture Manager - mobends:bendspackthumbnails/funatparties took 0.001s
[06:57:44] [Client thread/DEBUG] [FML/]: Bar Step: Reloading Texture Manager - minecraft:textures/misc/forcefield.png took 0.005s
[06:57:44] [Client thread/DEBUG] [FML/]: Bar Step: Reloading Texture Manager - minecraft:dynamic/lightmap_1 took 0.000s
[06:57:44] [Client thread/DEBUG] [FML/]: Bar Step: Reloading Texture Manager - mobends:bendspackthumbnails/levitation took 0.001s
[06:57:44] [Client thread/DEBUG] [FML/]: Bar Step: Reloading Texture Manager - minecraft:textures/font/ascii_sga.png took 0.025s
[06:57:44] [Client thread/DEBUG] [FML/]: Bar Step: Reloading Texture Manager - journeymap:ui/img/marker-player-bg-16.png took 0.000s
[06:57:44] [Client thread/DEBUG] [FML/]: Bar Finished: Reloading Texture Manager took 0.042s
[06:57:50] [Client thread/DEBUG] [FML/]: Bar Finished: ModelLoader: blocks took 3.775s
[06:57:53] [Client thread/DEBUG] [FML/]: Bar Finished: ModelLoader: items took 2.444s
[06:57:53] [Client thread/INFO] [FML/]: Max texture size: 8192
[06:57:55] [Client thread/DEBUG] [FML/]: Bar Finished: Texture stitching took 2.556s
[06:57:55] [Client thread/DEBUG] [FML/]: Bar Finished: Texture stitching took 0.015s
[06:57:55] [Client thread/DEBUG] [FML/]: Bar Finished: Texture creation took 0.018s
[06:57:57] [Client thread/DEBUG] [FML/]: Bar Finished: Texture mipmap and upload took 1.992s
[06:57:58] [Client thread/DEBUG] [FML/]: Bar Finished: ModelLoader: baking took 0.860s
[06:57:58] [Client thread/DEBUG] [FML/]: Bar Finished: Reloading took 14.309s
[06:57:58] [Client thread/DEBUG] [FML/]: Bar Step: Loading Resources - Reloading listeners took 14.310s
[06:57:58] [Client thread/DEBUG] [FML/]: Bar Finished: Loading Resources took 14.323s
[06:57:58] [Client thread/DEBUG] [Forge Mod Loader/]: Mod Forge Mod Loader is missing a pack.mcmeta file, substituting a dummy one
[06:57:58] [Client thread/DEBUG] [Minecraft Forge/]: Mod Minecraft Forge is missing a pack.mcmeta file, substituting a dummy one
[06:57:58] [Client thread/DEBUG] [Dynamic Lights/]: Mod Dynamic Lights is missing a pack.mcmeta file, substituting a dummy one
[06:57:58] [Client thread/DEBUG] [Dynamic Lights on burning/]: Mod Dynamic Lights on burning is missing a pack.mcmeta file, substituting a dummy one
[06:57:58] [Client thread/DEBUG] [Dynamic Lights on Creepers/]: Mod Dynamic Lights on Creepers is missing a pack.mcmeta file, substituting a dummy one
[06:57:58] [Client thread/DEBUG] [Dynamic Lights on ItemEntities/]: Mod Dynamic Lights on ItemEntities is missing a pack.mcmeta file, substituting a dummy one
[06:57:58] [Client thread/DEBUG] [Dynamic Lights on specified Entities/]: Mod Dynamic Lights on specified Entities is missing a pack.mcmeta file, substituting a dummy one
[06:57:58] [Client thread/DEBUG] [Dynamic Lights on Mob Equipment/]: Mod Dynamic Lights on Mob Equipment is missing a pack.mcmeta file, substituting a dummy one
[06:57:58] [Client thread/DEBUG] [Dynamic Lights on Flame enchanted Arrows/]: Mod Dynamic Lights on Flame enchanted Arrows is missing a pack.mcmeta file, substituting a dummy one
[06:57:58] [Client thread/DEBUG] [Dynamic Lights Flood Light/]: Mod Dynamic Lights Flood Light is missing a pack.mcmeta file, substituting a dummy one
[06:57:58] [Client thread/DEBUG] [Dynamic Lights Other Player Light/]: Mod Dynamic Lights Other Player Light is missing a pack.mcmeta file, substituting a dummy one
[06:57:58] [Client thread/DEBUG] [Dynamic Lights Player Light/]: Mod Dynamic Lights Player Light is missing a pack.mcmeta file, substituting a dummy one
[06:57:58] [Client thread/DEBUG] [JourneyMap/]: Mod JourneyMap is missing a pack.mcmeta file, substituting a dummy one
[06:57:58] [Client thread/DEBUG] [Mo'Bends/]: Mod Mo'Bends is missing a pack.mcmeta file, substituting a dummy one
[06:57:58] [Client thread/DEBUG] [WorldEdit/]: Mod WorldEdit is missing a pack.mcmeta file, substituting a dummy one
[06:57:58] [Client thread/DEBUG] [FML/]: Bar Finished: Loading took 34.954s
[06:58:00] [Client thread/INFO] [journeymap/]: Loaded color palette for 1484 blockstates in 118ms
